,AgeCog_W1,Height_W1,HandednessScore,EduYrsEstCap,EduComp,Race,Sex,Ethnicity,RIG
457,6.857980995127572,4.951090399519053,5.273018494406416,6.53605290024021,6.53605290024021,5.857980995127572,0.6930740684518844,4.2141248053528475,40.91937555846577
58,5.15754127698648,4.951090399519053,4.050626073069968,8.857980995127573,3.3661278987978975,5.857980995127572,0.6930740684518844,4.2141248053528475,37.14854651243328
128,6.050626073069968,3.6100534816839867,7.273018494406416,3.8579809951275723,3.8579809951275723,5.273018494406416,1.3903754450445747,4.2141248053528475,35.52717878421935
172,6.53605290024021,7.857980995127572,6.273018494406416,4.33441903907056,3.3661278987978975,5.050626073069968,0.6930740684518844,0.08649152562697364,34.19779099479149
32,6.050626073069968,3.728697978182606,2.9510903995190536,8.857980995127573,1.5004289905094885,5.857980995127572,0.6930740684518844,4.2141248053528475,33.85400430534099
48,5.68805599368526,4.103093492964104,4.33441903907056,3.8579809951275723,3.8579809951275723,5.857980995127572,1.3903754450445747,4.2141248053528475,33.304011761500064
179,6.857980995127572,5.53605290024021,6.050626073069968,4.465663572348812,1.5004289905094885,6.53605290024021,1.3903754450445747,0.08649152562697364,32.42367240220781
379,6.273018494406416,4.15754127698648,4.33441903907056,7.273018494406416,3.3661278987978975,5.273018494406416,1.3903754450445747,0.08649152562697364,32.154010668745734
341,4.610053481683987,3.4656635723488116,4.103093492964104,7.273018494406416,1.5004289905094885,5.273018494406416,1.3903754450445747,4.2141248053528475,31.829776776716642
51,6.273018494406416,3.8135868757691185,7.273018494406416,2.6100534816839867,1.5004289905094885,5.273018494406416,0.6930740684518844,4.2141248053528475,31.65032370498657
25,5.68805599368526,3.8135868757691185,2.9510903995190536,4.33441903907056,3.3661278987978975,5.857980995127572,0.6930740684518844,4.2141248053528475,30.9184600757742
85,6.050626073069968,5.68805599368526,4.273018494406416,6.53605290024021,6.53605290024021,0.23227215206310664,1.3903754450445747,0.08649152562697364,30.792945484376723
397,5.15754127698648,4.103093492964104,8.857980995127573,2.554200246950469,2.6880559936852597,5.273018494406416,1.3903754450445747,0.08649152562697364,30.110757470791853
146,6.53605290024021,4.15754127698648,3.648527629498622,3.6880559936852597,4.15754127698648,5.857980995127572,1.3903754450445747,0.08649152562697364,29.522567043196172
279,5.15754127698648,3.728697978182606,4.273018494406416,4.465663572348812,1.5004289905094885,5.273018494406416,0.6930740684518844,4.2141248053528475,29.30556768064495
343,5.273018494406416,6.050626073069968,7.857980995127572,3.273018494406416,1.5004289905094885,0.23227215206310664,0.6930740684518844,4.2141248053528475,29.094544073387695
328,6.53605290024021,6.857980995127572,3.5360529002402097,3.273018494406416,1.5004289905094885,5.857980995127572,1.3903754450445747,0.08649152562697364,29.038382246323017
356,5.53605290024021,3.728697978182606,4.050626073069968,3.6880559936852597,1.5004289905094885,5.273018494406416,0.6930740684518844,4.2141248053528475,28.684079303898677
216,7.857980995127572,3.728697978182606,2.9510903995190536,6.53605290024021,6.53605290024021,0.23227215206310664,0.6930740684518844,0.08649152562697364,28.62171291945162
154,6.53605290024021,4.103093492964104,2.9510903995190536,4.465663572348812,1.5004289905094885,7.273018494406416,1.3903754450445747,0.08649152562697364,28.306214820659633
395,6.53605290024021,4.103093492964104,6.273018494406416,3.273018494406416,1.5004289905094885,5.050626073069968,1.3903754450445747,0.08649152562697364,28.21310541626815
380,6.857980995127572,5.857980995127572,1.6780719051126378,3.6880559936852597,4.15754127698648,4.103093492964104,1.3903754450445747,0.08649152562697364,27.819591629675177
297,5.68805599368526,3.6880559936852597,3.5360529002402097,6.53605290024021,6.53605290024021,0.23227215206310664,1.3903754450445747,0.08649152562697364,27.69340981082581
342,6.53605290024021,3.728697978182606,4.103093492964104,8.857980995127573,3.3661278987978975,0.23227215206310664,0.6930740684518844,0.08649152562697364,27.60379101145436
67,6.857980995127572,4.15754127698648,8.857980995127573,4.465663572348812,1.5004289905094885,0.23227215206310664,1.3903754450445747,0.08649152562697364,27.548734952834582
229,4.610053481683987,8.857980995127573,4.103093492964104,2.6100534816839867,1.5004289905094885,0.23227215206310664,1.3903754450445747,4.2141248053528475,27.518382844429667
419,7.273018494406416,3.4656635723488116,1.6780719051126378,3.8579809951275723,3.8579809951275723,6.53605290024021,0.6930740684518844,0.08649152562697364,27.448334456442083
61,6.050626073069968,3.5725787762653236,1.6780719051126378,2.554200246950469,3.3661278987978975,5.273018494406416,0.6930740684518844,4.2141248053528475,27.401822268407443
33,6.53605290024021,4.050626073069968,4.33441903907056,7.273018494406416,3.3661278987978975,0.23227215206310664,1.3903754450445747,0.08649152562697364,27.26938352831971
59,6.53605290024021,3.0766212816029124,4.103093492964104,3.8579809951275723,3.8579809951275723,5.050626073069968,0.6930740684518844,0.08649152562697364,27.261921332211198
42,5.857980995127572,3.8135868757691185,4.103093492964104,8.857980995127573,3.3661278987978975,0.23227215206310664,0.6930740684518844,0.08649152562697364,27.010608003928233
122,6.050626073069968,3.6100534816839867,1.6780719051126378,3.273018494406416,1.5004289905094885,5.273018494406416,1.3903754450445747,4.2141248053528475,26.989717689586335
112,6.53605290024021,3.8135868757691185,2.9510903995190536,3.8579809951275723,3.8579809951275723,5.050626073069968,0.6930740684518844,0.08649152562697364,26.846883832932356
134,6.53605290024021,7.857980995127572,3.648527629498622,4.33441903907056,3.3661278987978975,0.23227215206310664,0.6930740684518844,0.08649152562697364,26.75494620887683
325,7.273018494406416,7.273018494406416,7.273018494406416,1.857980995127572,1.9631632318196284,0.23227215206310664,0.6930740684518844,0.08649152562697364,26.652037456308417
352,5.15754127698648,6.050626073069968,6.050626073069968,2.6100534816839867,1.5004289905094885,0.23227215206310664,0.6930740684518844,4.2141248053528475,26.50874692118773
393,5.68805599368526,4.15754127698648,5.273018494406416,3.273018494406416,1.5004289905094885,5.050626073069968,1.3903754450445747,0.08649152562697364,26.419556293735575
84,6.050626073069968,3.6880559936852597,4.103093492964104,2.554200246950469,2.6880559936852597,5.857980995127572,1.3903754450445747,0.08649152562697364,26.418879766154184
21,5.68805599368526,3.4656635723488116,3.648527629498622,4.33441903907056,3.3661278987978975,5.050626073069968,0.6930740684518844,0.08649152562697364,26.33298580054998
170,5.68805599368526,6.857980995127572,3.648527629498622,3.6880559936852597,1.5004289905094885,4.103093492964104,0.6930740684518844,0.08649152562697364,26.265708689549164
410,4.610053481683987,7.857980995127572,4.103093492964104,4.33441903907056,3.3661278987978975,0.23227215206310664,1.3903754450445747,0.08649152562697364,25.98081403037878
391,6.050626073069968,3.6880559936852597,1.6780719051126378,3.6880559936852597,4.15754127698648,5.050626073069968,1.3903754450445747,0.08649152562697364,25.789844286281127
392,6.050626073069968,4.15754127698648,4.273018494406416,3.273018494406416,1.5004289905094885,5.050626073069968,1.3903754450445747,0.08649152562697364,25.782126373120285
111,5.697016947683891,3.0766212816029124,2.9510903995190536,1.857980995127572,1.9631632318196284,5.273018494406416,0.6930740684518844,4.2141248053528475,25.726090223964206
9,5.697016947683891,3.0766212816029124,2.9510903995190536,1.857980995127572,1.9631632318196284,5.273018494406416,0.6930740684518844,4.2141248053528475,25.726090223964206
20,5.68805599368526,4.103093492964104,1.6780719051126378,4.33441903907056,3.3661278987978975,5.050626073069968,1.3903754450445747,0.08649152562697364,25.69726137337198
228,5.857980995127572,3.0766212816029124,7.857980995127572,3.6880559936852597,4.15754127698648,0.23227215206310664,0.6930740684518844,0.08649152562697364,25.650018288671763
387,5.15754127698648,6.857980995127572,4.103093492964104,4.33441903907056,3.3661278987978975,0.23227215206310664,1.3903754450445747,0.08649152562697364,25.52830182568127
163,6.050626073069968,4.050626073069968,3.648527629498622,2.554200246950469,2.6880559936852597,5.050626073069968,1.3903754450445747,0.08649152562697364,25.519529060015806
68,6.857980995127572,3.0766212816029124,4.050626073069968,2.6100534816839867,1.5004289905094885,6.53605290024021,0.6930740684518844,0.08649152562697364,25.411329316312997
26,6.857980995127572,5.53605290024021,6.050626073069968,2.554200246950469,2.6880559936852597,0.23227215206310664,1.3903754450445747,0.08649152562697364,25.39605533180814
11,5.15754127698648,3.4656635723488116,7.273018494406416,3.8579809951275723,3.8579809951275723,0.23227215206310664,1.3903754450445747,0.08649152562697364,25.32132445673151
290,7.273018494406416,5.68805599368526,2.9510903995190536,1.857980995127572,1.9631632318196284,4.103093492964104,1.3903754450445747,0.08649152562697364,25.313269578193584
90,5.857980995127572,6.050626073069968,4.273018494406416,6.53605290024021,1.5004289905094885,0.23227215206310664,0.6930740684518844,0.08649152562697364,25.22994519949562
257,5.15754127698648,4.050626073069968,6.273018494406416,2.6100534816839867,1.5004289905094885,4.103093492964104,1.3903754450445747,0.08649152562697364,25.171628780291993
185,5.68805599368526,0.0,3.648527629498622,3.6880559936852597,4.15754127698648,7.273018494406416,0.6930740684518844,0.0,25.148273456713923
13,4.857980995127572,3.6100534816839867,7.857980995127572,3.8579809951275723,3.8579809951275723,0.23227215206310664,0.6930740684518844,0.08649152562697364,25.053815208336243
30,6.53605290024021,6.857980995127572,2.9510903995190536,1.857980995127572,1.9631632318196284,4.103093492964104,0.6930740684518844,0.08649152562697364,25.048927608877
36,6.53605290024021,3.6100534816839867,3.5360529002402097,3.273018494406416,1.5004289905094885,5.050626073069968,1.3903754450445747,0.08649152562697364,24.983099810821827
41,6.273018494406416,4.050626073069968,3.5360529002402097,1.857980995127572,3.3661278987978975,0.23227215206310664,1.3903754450445747,4.2141248053528475,24.920578764102594
337,5.15754127698648,6.857980995127572,7.273018494406416,1.857980995127572,1.9631632318196284,0.23227215206310664,1.3903754450445747,0.08649152562697364,24.818824116202325
27,5.857980995127572,5.857980995127572,3.5360529002402097,3.6880559936852597,4.15754127698648,0.23227215206310664,1.3903754450445747,0.08649152562697364,24.80675128390175
70,6.53605290024021,3.4656635723488116,6.050626073069968,1.857980995127572,1.9631632318196284,4.103093492964104,0.6930740684518844,0.08649152562697364,24.756145859649155
240,5.15754127698648,3.8135868757691185,1.6780719051126378,6.53605290024021,6.53605290024021,0.23227215206310664,0.6930740684518844,0.08649152562697364,24.733143604490625
81,5.53605290024021,8.857980995127573,4.050626073069968,2.554200246950469,2.6880559936852597,0.23227215206310664,0.6930740684518844,0.08649152562697364,24.698753955215448
453,6.857980995127572,4.050626073069968,1.6780719051126378,3.273018494406416,1.5004289905094885,6.53605290024021,0.6930740684518844,0.08649152562697364,24.675744952545152
82,6.050626073069968,3.5725787762653236,1.6780719051126378,3.8579809951275723,3.8579809951275723,4.103093492964104,1.3903754450445747,0.08649152562697364,24.59719920833873
377,6.857980995127572,3.4656635723488116,4.103093492964104,2.554200246950469,2.6880559936852597,4.103093492964104,0.6930740684518844,0.08649152562697364,24.55165338811918
220,7.273018494406416,5.857980995127572,1.6780719051126378,2.6100534816839867,1.5004289905094885,4.103093492964104,1.3903754450445747,0.08649152562697364,24.499514330475755
52,5.68805599368526,3.5725787762653236,1.6780719051126378,3.8579809951275723,3.8579809951275723,5.050626073069968,0.6930740684518844,0.08649152562697364,24.484860332467193
273,4.857980995127572,5.857980995127572,7.273018494406416,3.273018494406416,1.5004289905094885,0.23227215206310664,1.3903754450445747,0.08649152562697364,24.47156709231212
288,5.273018494406416,3.4656635723488116,6.050626073069968,3.273018494406416,1.5004289905094885,4.103093492964104,0.6930740684518844,0.08649152562697364,24.44541471178406
158,6.53605290024021,3.0766212816029124,6.050626073069968,4.33441903907056,3.3661278987978975,0.23227215206310664,0.6930740684518844,0.08649152562697364,24.375684938923516
125,6.050626073069968,3.0766212816029124,4.103093492964104,2.554200246950469,2.6880559936852597,5.050626073069968,0.6930740684518844,0.08649152562697364,24.302788755421542
117,6.53605290024021,5.857980995127572,6.050626073069968,2.6100534816839867,1.5004289905094885,0.23227215206310664,1.3903754450445747,0.08649152562697364,24.264281563365884
62,5.68805599368526,4.53605290024021,5.273018494406416,4.33441903907056,3.3661278987978975,0.23227215206310664,0.6930740684518844,0.08649152562697364,24.209512072342314
31,6.857980995127572,3.5725787762653236,1.6780719051126378,2.554200246950469,2.6880559936852597,5.273018494406416,1.3903754450445747,0.08649152562697364,24.100773382219227
190,6.050626073069968,3.5725787762653236,8.857980995127573,1.857980995127572,1.9631632318196284,0.23227215206310664,1.3903754450445747,0.08649152562697364,24.011469194144723
396,6.273018494406416,3.5725787762653236,7.857980995127572,2.554200246950469,2.6880559936852597,0.23227215206310664,0.6930740684518844,0.08649152562697364,23.95767225257701
73,6.857980995127572,3.6880559936852597,6.273018494406416,2.554200246950469,2.6880559936852597,0.23227215206310664,1.3903754450445747,0.08649152562697364,23.770450846589636
434,6.857980995127572,3.4656635723488116,7.857980995127572,1.857980995127572,1.9631632318196284,0.23227215206310664,1.3903754450445747,0.08649152562697364,23.711908912285814
156,6.857980995127572,5.68805599368526,3.5360529002402097,2.554200246950469,3.3661278987978975,0.23227215206310664,1.3903754450445747,0.08649152562697364,23.711557157536067
198,5.857980995127572,4.15754127698648,4.103093492964104,3.6880559936852597,4.15754127698648,0.23227215206310664,1.3903754450445747,0.08649152562697364,23.67335215848455
462,7.273018494406416,7.857980995127572,2.9510903995190536,1.857980995127572,1.9631632318196284,0.23227215206310664,1.3903754450445747,0.08649152562697364,23.6123732387349
286,5.53605290024021,3.4656635723488116,2.9510903995190536,7.273018494406416,3.3661278987978975,0.23227215206310664,0.6930740684518844,0.08649152562697364,23.60379101145436
105,6.273018494406416,5.53605290024021,5.273018494406416,3.273018494406416,1.5004289905094885,0.23227215206310664,1.3903754450445747,0.08649152562697364,23.5646764967036
80,5.53605290024021,4.53605290024021,4.050626073069968,4.33441903907056,3.3661278987978975,0.23227215206310664,1.3903754450445747,0.08649152562697364,23.532417934153507
19,5.68805599368526,4.53605290024021,2.9510903995190536,1.857980995127572,1.9631632318196284,5.050626073069968,1.3903754450445747,0.08649152562697364,23.523836564133244
321,7.857980995127572,3.728697978182606,6.050626073069968,3.273018494406416,1.5004289905094885,0.23227215206310664,0.6930740684518844,0.08649152562697364,23.422590277438015
414,6.53605290024021,5.857980995127572,4.103093492964104,3.6880559936852597,1.5004289905094885,0.23227215206310664,1.3903754450445747,0.08649152562697364,23.394751495261293
390,6.050626073069968,4.050626073069968,4.103093492964104,6.53605290024021,1.5004289905094885,0.23227215206310664,0.6930740684518844,0.08649152562697364,23.252665275995707
411,6.857980995127572,6.050626073069968,4.050626073069968,2.554200246950469,2.6880559936852597,0.23227215206310664,0.6930740684518844,0.08649152562697364,23.213327128045204
308,6.050626073069968,3.6100534816839867,4.103093492964104,3.8579809951275723,3.8579809951275723,0.23227215206310664,1.3903754450445747,0.08649152562697364,23.18887416070786
57,6.273018494406416,3.5725787762653236,4.273018494406416,6.53605290024021,1.5004289905094885,0.23227215206310664,0.6930740684518844,0.08649152562697364,23.16693540196982
74,6.857980995127572,3.0766212816029124,4.33441903907056,3.6880559936852597,4.15754127698648,0.23227215206310664,0.6930740684518844,0.08649152562697364,23.126456332614755
141,6.050626073069968,4.103093492964104,3.5360529002402097,3.8579809951275723,3.8579809951275723,0.23227215206310664,1.3903754450445747,0.08649152562697364,23.114873579264085
65,5.15754127698648,4.15754127698648,4.33441903907056,3.8579809951275723,3.8579809951275723,0.23227215206310664,1.3903754450445747,0.08649152562697364,23.074602706033325
181,5.53605290024021,0.0,1.6780719051126378,3.6880559936852597,4.15754127698648,7.273018494406416,0.6930740684518844,0.0,23.02581463888289
138,6.857980995127572,6.857980995127572,1.6780719051126378,2.554200246950469,3.3661278987978975,0.23227215206310664,1.3903754450445747,0.08649152562697364,23.02350116385081
173,6.857980995127572,3.4656635723488116,3.648527629498622,1.857980995127572,1.9631632318196284,0.23227215206310664,0.6930740684518844,4.2141248053528475,22.932787449790048
50,7.857980995127572,3.728697978182606,1.6780719051126378,3.273018494406416,1.5004289905094885,4.103093492964104,0.6930740684518844,0.08649152562697364,22.920857450381682
247,5.398549376490275,7.857980995127572,4.103093492964104,1.857980995127572,1.9631632318196284,0.23227215206310664,1.3903754450445747,0.08649152562697364,22.88990721426381
463,6.53605290024021,3.4656635723488116,4.103093492964104,3.8579809951275723,3.8579809951275723,0.23227215206310664,0.6930740684518844,0.08649152562697364,22.83260970195024
311,5.273018494406416,3.5725787762653236,4.273018494406416,2.6100534816839867,1.5004289905094885,4.103093492964104,1.3903754450445747,0.08649152562697364,22.809058700907283
448,5.857980995127572,5.857980995127572,1.6780719051126378,4.33441903907056,3.3661278987978975,0.23227215206310664,1.3903754450445747,0.08649152562697364,22.803719955970898
263,5.398549376490275,3.6880559936852597,4.273018494406416,4.33441903907056,3.3661278987978975,0.23227215206310664,1.3903754450445747,0.08649152562697364,22.76930992518507
176,7.857980995127572,4.103093492964104,5.273018494406416,1.857980995127572,1.9631632318196284,0.23227215206310664,1.3903754450445747,0.08649152562697364,22.76437633217995
180,6.857980995127572,3.4656635723488116,3.648527629498622,3.8579809951275723,3.8579809951275723,0.23227215206310664,0.6930740684518844,0.08649152562697364,22.69997193337212
370,5.53605290024021,3.8135868757691185,2.9510903995190536,1.857980995127572,3.3661278987978975,0.23227215206310664,0.6930740684518844,4.2141248053528475,22.664310095321696
183,6.050626073069968,3.8135868757691185,4.050626073069968,3.8579809951275723,3.8579809951275723,0.23227215206310664,0.6930740684518844,0.08649152562697364,22.642638758306166
101,6.050626073069968,5.53605290024021,4.103093492964104,2.554200246950469,2.6880559936852597,0.23227215206310664,1.3903754450445747,0.08649152562697364,22.64116782964467
224,5.15754127698648,3.0766212816029124,1.6780719051126378,3.6880559936852597,4.15754127698648,4.103093492964104,0.6930740684518844,0.08649152562697364,22.640490821416737
313,5.68805599368526,4.050626073069968,2.9510903995190536,2.6100534816839867,1.5004289905094885,0.23227215206310664,1.3903754450445747,4.2141248053528475,22.637027340928285
317,5.68805599368526,7.857980995127572,3.5360529002402097,1.857980995127572,1.9631632318196284,0.23227215206310664,1.3903754450445747,0.08649152562697364,22.6123732387349
186,4.857980995127572,4.15754127698648,4.103093492964104,3.8579809951275723,3.8579809951275723,0.23227215206310664,1.3903754450445747,0.08649152562697364,22.543716878067958
234,6.53605290024021,3.6100534816839867,3.5360529002402097,3.6880559936852597,4.15754127698648,0.23227215206310664,0.6930740684518844,0.08649152562697364,22.539594298978113
227,6.857980995127572,4.951090399519053,1.6780719051126378,6.53605290024021,1.5004289905094885,0.23227215206310664,0.6930740684518844,0.08649152562697364,22.53546293665093
127,6.050626073069968,3.5725787762653236,4.050626073069968,3.6880559936852597,4.15754127698648,0.23227215206310664,0.6930740684518844,0.08649152562697364,22.531265939218965
422,6.857980995127572,8.857980995127573,1.6780719051126378,2.6100534816839867,1.5004289905094885,0.23227215206310664,0.6930740684518844,0.08649152562697364,22.516354113703226
389,5.15754127698648,8.857980995127573,3.648527629498622,1.857980995127572,1.9631632318196284,0.23227215206310664,0.6930740684518844,0.08649152562697364,22.497031874701843
431,6.050626073069968,4.050626073069968,2.9510903995190536,3.8579809951275723,3.8579809951275723,0.23227215206310664,1.3903754450445747,0.08649152562697364,22.47744365864879
255,5.68805599368526,6.857980995127572,3.648527629498622,2.554200246950469,2.6880559936852597,0.23227215206310664,0.6930740684518844,0.08649152562697364,22.44865860508915
400,5.15754127698648,3.0766212816029124,1.6780719051126378,3.6880559936852597,1.5004289905094885,6.53605290024021,0.6930740684518844,0.08649152562697364,22.41633794221585
182,5.857980995127572,4.15754127698648,2.9510903995190536,3.8579809951275723,3.8579809951275723,0.23227215206310664,1.3903754450445747,0.08649152562697364,22.391713784622908
314,6.45430353409877,3.5725787762653236,2.9510903995190536,4.33441903907056,3.3661278987978975,0.23227215206310664,1.3903754450445747,0.08649152562697364,22.387658770486265
35,6.45430353409877,3.5725787762653236,2.9510903995190536,4.33441903907056,3.3661278987978975,0.23227215206310664,1.3903754450445747,0.08649152562697364,22.387658770486265
239,4.610053481683987,8.857980995127573,4.050626073069968,1.857980995127572,1.9631632318196284,0.23227215206310664,0.6930740684518844,0.08649152562697364,22.351642522970696
43,4.610053481683987,3.0766212816029124,1.6780719051126378,3.6880559936852597,4.15754127698648,0.23227215206310664,0.6930740684518844,4.2141248053528475,22.34981496493912
230,5.273018494406416,3.6880559936852597,7.857980995127572,1.857980995127572,1.9631632318196284,0.23227215206310664,1.3903754450445747,0.08649152562697364,22.349338832901108
34,6.050626073069968,3.4656635723488116,4.103093492964104,4.33441903907056,3.3661278987978975,0.23227215206310664,0.6930740684518844,0.08649152562697364,22.33176782239331
420,6.273018494406416,3.0766212816029124,4.103093492964104,3.6880559936852597,4.15754127698648,0.23227215206310664,0.6930740684518844,0.08649152562697364,22.31016828578714
121,6.53605290024021,3.4656635723488116,6.050626073069968,1.857980995127572,3.3661278987978975,0.23227215206310664,0.6930740684518844,0.08649152562697364,22.28828918572643
318,5.15754127698648,6.050626073069968,4.050626073069968,4.465663572348812,1.5004289905094885,0.23227215206310664,0.6930740684518844,0.08649152562697364,22.236723732126684
461,5.68805599368526,3.728697978182606,4.103093492964104,4.33441903907056,3.3661278987978975,0.23227215206310664,0.6930740684518844,0.08649152562697364,22.232232148842396
69,6.857980995127572,6.857980995127572,3.648527629498622,1.857980995127572,1.9631632318196284,0.23227215206310664,0.6930740684518844,0.08649152562697364,22.197471592842934
386,4.610053481683987,4.050626073069968,4.103093492964104,3.8579809951275723,3.8579809951275723,0.23227215206310664,1.3903754450445747,0.08649152562697364,22.18887416070786
0,5.15754127698648,8.857980995127573,1.6780719051126378,3.273018494406416,1.5004289905094885,0.23227215206310664,1.3903754450445747,0.08649152562697364,22.176180784877253
55,6.273018494406416,3.0766212816029124,4.103093492964104,4.33441903907056,3.3661278987978975,0.23227215206310664,0.6930740684518844,0.08649152562697364,22.16511795298386
292,5.53605290024021,3.6100534816839867,4.273018494406416,3.8579809951275723,3.8579809951275723,0.23227215206310664,0.6930740684518844,0.08649152562697364,22.146924612727727
320,5.53605290024021,4.103093492964104,1.6780719051126378,2.554200246950469,2.6880559936852597,4.103093492964104,1.3903754450445747,0.08649152562697364,22.139435002588336
262,5.53605290024021,3.5725787762653236,6.050626073069968,2.554200246950469,2.6880559936852597,0.23227215206310664,1.3903754450445747,0.08649152562697364,22.11065311294589
433,5.15754127698648,3.728697978182606,4.33441903907056,3.6880559936852597,4.15754127698648,0.23227215206310664,0.6930740684518844,0.08649152562697364,22.078093311053355
372,5.398549376490275,3.6880559936852597,3.5360529002402097,3.8579809951275723,3.8579809951275723,0.23227215206310664,1.3903754450445747,0.08649152562697364,22.04775938340555
446,6.857980995127572,3.8135868757691185,4.273018494406416,4.465663572348812,1.5004289905094885,0.23227215206310664,0.6930740684518844,0.08649152562697364,21.922516674303374
129,6.857980995127572,4.53605290024021,4.273018494406416,2.554200246950469,2.6880559936852597,0.23227215206310664,0.6930740684518844,0.08649152562697364,21.921146376551896
202,5.273018494406416,3.4656635723488116,4.273018494406416,3.6880559936852597,4.15754127698648,0.23227215206310664,0.6930740684518844,0.08649152562697364,21.869135577975353
53,6.857980995127572,5.53605290024021,1.6780719051126378,4.465663572348812,1.5004289905094885,0.23227215206310664,1.3903754450445747,0.08649152562697364,21.747337486073377
339,5.68805599368526,4.103093492964104,4.273018494406416,4.465663572348812,1.5004289905094885,0.23227215206310664,1.3903754450445747,0.08649152562697364,21.739399666648737
429,6.273018494406416,3.0766212816029124,3.648527629498622,3.8579809951275723,3.8579809951275723,0.23227215206310664,0.6930740684518844,0.08649152562697364,21.725967141905063
106,5.53605290024021,5.68805599368526,3.5360529002402097,2.554200246950469,2.6880559936852597,0.23227215206310664,1.3903754450445747,0.08649152562697364,21.711557157536067
460,5.15754127698648,3.4656635723488116,3.648527629498622,3.8579809951275723,3.8579809951275723,0.23227215206310664,1.3903754450445747,0.08649152562697364,21.696833591823715
381,6.273018494406416,3.6100534816839867,1.6780719051126378,2.554200246950469,2.6880559936852597,4.103093492964104,0.6930740684518844,0.08649152562697364,21.686059208881733
454,6.050626073069968,5.53605290024021,4.273018494406416,2.6100534816839867,1.5004289905094885,0.23227215206310664,1.3903754450445747,0.08649152562697364,21.679319062644726
404,6.050626073069968,3.8135868757691185,1.6780719051126378,2.554200246950469,2.6880559936852597,4.103093492964104,0.6930740684518844,0.08649152562697364,21.667200181630417
351,5.857980995127572,3.0766212816029124,3.648527629498622,6.53605290024021,1.5004289905094885,0.23227215206310664,0.6930740684518844,0.08649152562697364,21.63144954312077
174,5.15754127698648,3.6100534816839867,4.050626073069968,4.33441903907056,3.3661278987978975,0.23227215206310664,0.6930740684518844,0.08649152562697364,21.53060551575086
455,5.68805599368526,3.5725787762653236,3.5360529002402097,3.8579809951275723,3.8579809951275723,0.23227215206310664,0.6930740684518844,0.08649152562697364,21.524487406587905
300,6.050626073069968,5.53605290024021,4.103093492964104,2.6100534816839867,1.5004289905094885,0.23227215206310664,1.3903754450445747,0.08649152562697364,21.509394061202414
322,7.857980995127572,4.15754127698648,3.648527629498622,2.6100534816839867,1.5004289905094885,0.23227215206310664,1.3903754450445747,0.08649152562697364,21.483671496540804
403,5.68805599368526,3.728697978182606,1.6780719051126378,2.554200246950469,2.6880559936852597,0.23227215206310664,0.6930740684518844,4.2141248053528475,21.476553143484075
344,5.15754127698648,4.050626073069968,5.273018494406416,2.554200246950469,2.6880559936852597,0.23227215206310664,1.3903754450445747,0.08649152562697364,21.432581207833252
37,6.050626073069968,4.951090399519053,1.6780719051126378,3.8579809951275723,3.8579809951275723,0.23227215206310664,0.6930740684518844,0.08649152562697364,21.407588114098772
248,5.398549376490275,5.53605290024021,3.5360529002402097,1.857980995127572,3.3661278987978975,0.23227215206310664,1.3903754450445747,0.08649152562697364,21.403903193630825
28,7.273018494406416,3.5725787762653236,1.6780719051126378,3.6880559936852597,4.15754127698648,0.23227215206310664,0.6930740684518844,0.08649152562697364,21.381104192598084
97,4.857980995127572,3.728697978182606,4.050626073069968,3.8579809951275723,3.8579809951275723,0.23227215206310664,0.6930740684518844,0.08649152562697364,21.36510478277726
142,6.050626073069968,4.050626073069968,4.273018494406416,2.554200246950469,2.6880559936852597,0.23227215206310664,1.3903754450445747,0.08649152562697364,21.32566600391674
98,6.050626073069968,3.6880559936852597,6.050626073069968,1.857980995127572,1.9631632318196284,0.23227215206310664,1.3903754450445747,0.08649152562697364,21.319591489507054
94,7.273018494406416,4.53605290024021,3.648527629498622,2.6100534816839867,1.5004289905094885,0.23227215206310664,1.3903754450445747,0.08649152562697364,21.27722061907338
83,6.050626073069968,3.5725787762653236,6.050626073069968,1.857980995127572,1.9631632318196284,0.23227215206310664,1.3903754450445747,0.08649152562697364,21.204114272087118
261,5.15754127698648,4.15754127698648,6.050626073069968,2.6100534816839867,1.5004289905094885,0.23227215206310664,1.3903754450445747,0.08649152562697364,21.18533022197106
345,5.68805599368526,5.68805599368526,4.273018494406416,1.857980995127572,1.9631632318196284,0.23227215206310664,1.3903754450445747,0.08649152562697364,21.179413831458795
166,5.68805599368526,4.951090399519053,1.6780719051126378,3.6880559936852597,4.15754127698648,0.23227215206310664,0.6930740684518844,0.08649152562697364,21.17465331513066
123,6.53605290024021,4.53605290024021,3.5360529002402097,3.273018494406416,1.5004289905094885,0.23227215206310664,1.3903754450445747,0.08649152562697364,21.09074530837119
103,5.857980995127572,6.857980995127572,3.5360529002402097,1.857980995127572,1.9631632318196284,0.23227215206310664,0.6930740684518844,0.08649152562697364,21.08499686358452
64,5.15754127698648,3.6880559936852597,5.273018494406416,2.554200246950469,2.6880559936852597,0.23227215206310664,1.3903754450445747,0.08649152562697364,21.07001112844854
405,6.53605290024021,3.4656635723488116,5.273018494406416,3.273018494406416,1.5004289905094885,0.23227215206310664,0.6930740684518844,0.08649152562697364,21.06002019805331
299,4.857980995127572,3.6880559936852597,2.9510903995190536,3.6880559936852597,4.15754127698648,0.23227215206310664,1.3903754450445747,0.08649152562697364,21.05186378173828
359,4.610053481683987,8.857980995127573,1.6780719051126378,2.6100534816839867,1.5004289905094885,0.23227215206310664,1.3903754450445747,0.08649152562697364,20.96572797685233
196,5.68805599368526,4.15754127698648,1.6780719051126378,4.33441903907056,3.3661278987978975,0.23227215206310664,1.3903754450445747,0.08649152562697364,20.933355236387495
160,5.15754127698648,3.4656635723488116,6.050626073069968,2.554200246950469,2.6880559936852597,0.23227215206310664,0.6930740684518844,0.08649152562697364,20.927924909182956
100,5.53605290024021,4.15754127698648,1.6780719051126378,3.6880559936852597,4.15754127698648,0.23227215206310664,1.3903754450445747,0.08649152562697364,20.92640247574573
254,5.68805599368526,3.6880559936852597,0.0,4.465663572348812,1.5004289905094885,4.103093492964104,1.3903754450445747,0.08649152562697364,20.922165013864475
305,5.398549376490275,4.951090399519053,3.5360529002402097,4.465663572348812,1.5004289905094885,0.23227215206310664,0.6930740684518844,0.08649152562697364,20.863622985249805
72,6.050626073069968,3.4656635723488116,1.6780719051126378,3.273018494406416,1.5004289905094885,4.103093492964104,0.6930740684518844,0.08649152562697364,20.850468122490287
278,4.610053481683987,3.0766212816029124,4.273018494406416,3.6880559936852597,4.15754127698648,0.23227215206310664,0.6930740684518844,0.08649152562697364,20.817128274507024
116,5.53605290024021,3.6100534816839867,2.9510903995190536,4.33441903907056,3.3661278987978975,0.23227215206310664,0.6930740684518844,0.08649152562697364,20.809581465453675
1,5.15754127698648,4.53605290024021,4.103093492964104,2.554200246950469,2.6880559936852597,0.23227215206310664,1.3903754450445747,0.08649152562697364,20.74808303356118
327,5.565499744766994,4.53605290024021,4.103093492964104,3.273018494406416,1.5004289905094885,0.23227215206310664,1.3903754450445747,0.08649152562697364,20.687232745621866
284,5.565499744766994,4.53605290024021,4.103093492964104,3.273018494406416,1.5004289905094885,0.23227215206310664,1.3903754450445747,0.08649152562697364,20.687232745621866
200,5.15754127698648,6.857980995127572,3.5360529002402097,2.6100534816839867,1.5004289905094885,0.23227215206310664,0.6930740684518844,0.08649152562697364,20.6738953906897
354,4.610053481683987,3.8135868757691185,3.5360529002402097,4.33441903907056,3.3661278987978975,0.23227215206310664,0.6930740684518844,0.08649152562697364,20.67207794170374
340,5.273018494406416,3.5725787762653236,6.273018494406416,1.857980995127572,1.9631632318196284,0.23227215206310664,1.3903754450445747,0.08649152562697364,20.648899114760013
209,5.398549376490275,3.6100534816839867,1.6780719051126378,3.273018494406416,1.5004289905094885,0.23227215206310664,0.6930740684518844,4.2141248053528475,20.599593274070642
451,7.273018494406416,4.53605290024021,2.9510903995190536,2.6100534816839867,1.5004289905094885,0.23227215206310664,1.3903754450445747,0.08649152562697364,20.579783389093812
24,5.565499744766994,3.6880559936852597,4.33441903907056,2.554200246950469,2.6880559936852597,0.23227215206310664,1.3903754450445747,0.08649152562697364,20.5393701408932
442,5.565499744766994,3.6880559936852597,4.33441903907056,2.554200246950469,2.6880559936852597,0.23227215206310664,1.3903754450445747,0.08649152562697364,20.5393701408932
161,5.273018494406416,4.15754127698648,1.6780719051126378,1.857980995127572,1.9631632318196284,4.103093492964104,1.3903754450445747,0.08649152562697364,20.50973636708839
175,6.53605290024021,4.050626073069968,4.103093492964104,2.6100534816839867,1.5004289905094885,0.23227215206310664,1.3903754450445747,0.08649152562697364,20.509394061202414
365,5.68805599368526,4.951090399519053,4.050626073069968,3.273018494406416,1.5004289905094885,0.23227215206310664,0.6930740684518844,0.08649152562697364,20.47505769733215
2,6.273018494406416,3.0766212816029124,1.6780719051126378,1.857980995127572,1.9631632318196284,4.103093492964104,1.3903754450445747,0.08649152562697364,20.428816371704823
307,6.857980995127572,4.103093492964104,2.9510903995190536,3.273018494406416,1.5004289905094885,0.23227215206310664,1.3903754450445747,0.08649152562697364,20.39475149526129
45,7.857980995127572,3.0766212816029124,4.33441903907056,2.6100534816839867,1.5004289905094885,0.23227215206310664,0.6930740684518844,0.08649152562697364,20.391341534136487
384,6.53605290024021,2.8116024246676456,4.050626073069968,2.554200246950469,2.6880559936852597,0.23227215206310664,1.3903754450445747,0.08649152562697364,20.34967676134821
150,6.53605290024021,2.8116024246676456,4.050626073069968,2.554200246950469,2.6880559936852597,0.23227215206310664,1.3903754450445747,0.08649152562697364,20.34967676134821
153,5.15754127698648,3.728697978182606,1.6780719051126378,7.273018494406416,1.5004289905094885,0.23227215206310664,0.6930740684518844,0.08649152562697364,20.349596391339595
171,6.857980995127572,3.0766212816029124,1.6780719051126378,3.8579809951275723,3.8579809951275723,0.23227215206310664,0.6930740684518844,0.08649152562697364,20.340473918240235
16,6.273018494406416,4.15754127698648,2.9510903995190536,2.554200246950469,2.6880559936852597,0.23227215206310664,1.3903754450445747,0.08649152562697364,20.333045534282338
409,5.03605290024021,5.68805599368526,4.050626073069968,1.857980995127572,1.9631632318196284,0.23227215206310664,1.3903754450445747,0.08649152562697364,20.305018316677298
291,6.857980995127572,4.951090399519053,2.9510903995190536,1.857980995127572,1.9631632318196284,0.23227215206310664,1.3903754450445747,0.08649152562697364,20.29044514384754
459,5.68805599368526,4.103093492964104,3.5360529002402097,2.554200246950469,2.6880559936852597,0.23227215206310664,1.3903754450445747,0.08649152562697364,20.27859775025996
137,6.050626073069968,3.8135868757691185,1.6780719051126378,3.8579809951275723,3.8579809951275723,0.23227215206310664,0.6930740684518844,0.08649152562697364,20.270084590348837
215,5.398549376490275,4.050626073069968,5.273018494406416,1.857980995127572,1.9631632318196284,0.23227215206310664,1.3903754450445747,0.08649152562697364,20.252477293648518
355,6.857980995127572,4.15754127698648,2.9510903995190536,2.554200246950469,2.6880559936852597,0.23227215206310664,0.6930740684518844,0.08649152562697364,20.2207066584108
151,6.050626073069968,3.0766212816029124,4.103093492964104,4.465663572348812,1.5004289905094885,0.23227215206310664,0.6930740684518844,0.08649152562697364,20.208271156637252
29,6.857980995127572,3.4656635723488116,2.9510903995190536,2.554200246950469,3.3661278987978975,0.23227215206310664,0.6930740684518844,0.08649152562697364,20.20690085888577
452,5.565499744766994,4.050626073069968,4.103093492964104,3.273018494406416,1.5004289905094885,0.23227215206310664,1.3903754450445747,0.08649152562697364,20.201805918451626
38,5.565499744766994,4.050626073069968,4.103093492964104,3.273018494406416,1.5004289905094885,0.23227215206310664,1.3903754450445747,0.08649152562697364,20.201805918451626
184,7.273018494406416,3.4656635723488116,4.33441903907056,2.6100534816839867,1.5004289905094885,0.23227215206310664,0.6930740684518844,0.08649152562697364,20.19542132416123
6,6.050626073069968,4.951090399519053,4.33441903907056,1.857980995127572,1.9631632318196284,0.23227215206310664,0.6930740684518844,0.08649152562697364,20.16911748474875
294,6.857980995127572,4.53605290024021,3.648527629498622,2.6100534816839867,1.5004289905094885,0.23227215206310664,0.6930740684518844,0.08649152562697364,20.164881743201846
437,7.273018494406416,3.6100534816839867,4.103093492964104,2.6100534816839867,1.5004289905094885,0.23227215206310664,0.6930740684518844,0.08649152562697364,20.108485687389948
119,6.050626073069968,3.4656635723488116,4.33441903907056,2.554200246950469,2.6880559936852597,0.23227215206310664,0.6930740684518844,0.08649152562697364,20.104802671267038
256,5.15754127698648,3.5725787762653236,1.6780719051126378,3.273018494406416,1.5004289905094885,4.103093492964104,0.6930740684518844,0.08649152562697364,20.064298530323313
95,5.68805599368526,3.728697978182606,4.273018494406416,2.554200246950469,2.6880559936852597,0.23227215206310664,0.6930740684518844,0.08649152562697364,19.943866453051978
78,6.050626073069968,3.4656635723488116,1.6780719051126378,3.8579809951275723,3.8579809951275723,0.23227215206310664,0.6930740684518844,0.08649152562697364,19.92216128692853
265,5.15754127698648,7.273018494406416,1.6780719051126378,3.273018494406416,1.5004289905094885,0.23227215206310664,0.6930740684518844,0.08649152562697364,19.893916907563405
199,5.53605290024021,6.857980995127572,1.6780719051126378,2.6100534816839867,1.5004289905094885,0.23227215206310664,1.3903754450445747,0.08649152562697364,19.89172739540855
399,5.15754127698648,3.6880559936852597,4.103093492964104,1.857980995127572,3.3661278987978975,0.23227215206310664,1.3903754450445747,0.08649152562697364,19.88193878029597
221,6.857980995127572,3.6100534816839867,4.273018494406416,2.6100534816839867,1.5004289905094885,0.23227215206310664,0.6930740684518844,0.08649152562697364,19.863373189553418
75,4.724587724780122,4.951090399519053,4.33441903907056,3.273018494406416,1.5004289905094885,0.23227215206310664,0.6930740684518844,0.08649152562697364,19.795382394427605
310,4.724587724780122,4.951090399519053,4.33441903907056,3.273018494406416,1.5004289905094885,0.23227215206310664,0.6930740684518844,0.08649152562697364,19.795382394427605
109,6.53605290024021,3.649054737684623,4.050626073069968,1.857980995127572,1.9631632318196284,0.23227215206310664,1.3903754450445747,0.08649152562697364,19.76601706067666
423,5.050626073069968,5.53605290024021,3.648527629498622,1.857980995127572,1.9631632318196284,0.23227215206310664,1.3903754450445747,0.08649152562697364,19.765489952490658
77,5.050626073069968,5.53605290024021,3.648527629498622,1.857980995127572,1.9631632318196284,0.23227215206310664,1.3903754450445747,0.08649152562697364,19.765489952490658
241,5.857980995127572,4.53605290024021,1.6780719051126378,4.465663572348812,1.5004289905094885,0.23227215206310664,1.3903754450445747,0.08649152562697364,19.747337486073377
449,5.273018494406416,3.0766212816029124,6.273018494406416,2.6100534816839867,1.5004289905094885,0.23227215206310664,0.6930740684518844,0.08649152562697364,19.744978488751187
283,5.68805599368526,3.728697978182606,4.103093492964104,3.6880559936852597,1.5004289905094885,0.23227215206310664,0.6930740684518844,0.08649152562697364,19.720170195168684
371,5.53605290024021,4.050626073069968,5.273018494406416,1.857980995127572,1.9631632318196284,0.23227215206310664,0.6930740684518844,0.08649152562697364,19.69267944080576
54,4.967301138365243,3.5725787762653236,1.6780719051126378,3.8579809951275723,3.8579809951275723,0.23227215206310664,1.3903754450445747,0.08649152562697364,19.643052932733006
249,4.4227986353358695,3.4656635723488116,1.6780719051126378,3.6880559936852597,1.5004289905094885,4.103093492964104,0.6930740684518844,0.08649152562697364,19.637678184035032
188,4.4227986353358695,3.4656635723488116,1.6780719051126378,3.6880559936852597,1.5004289905094885,4.103093492964104,0.6930740684518844,0.08649152562697364,19.637678184035032
108,6.050626073069968,3.6880559936852597,4.33441903907056,1.857980995127572,1.9631632318196284,0.23227215206310664,1.3903754450445747,0.08649152562697364,19.603384455507648
63,6.53605290024021,3.6100534816839867,3.648527629498622,3.273018494406416,1.5004289905094885,0.23227215206310664,0.6930740684518844,0.08649152562697364,19.57991924248069
383,5.53605290024021,3.728697978182606,4.050626073069968,2.554200246950469,2.6880559936852597,0.23227215206310664,0.6930740684518844,0.08649152562697364,19.56947093827048
96,7.273018494406416,3.5725787762653236,3.5360529002402097,2.6100534816839867,1.5004289905094885,0.23227215206310664,0.6930740684518844,0.08649152562697364,19.50397038924739
430,5.53605290024021,4.103093492964104,4.33441903907056,1.857980995127572,1.9631632318196284,0.23227215206310664,1.3903754450445747,0.08649152562697364,19.503848781956734
427,6.857980995127572,3.4656635723488116,4.33441903907056,1.857980995127572,1.9631632318196284,0.23227215206310664,0.6930740684518844,0.08649152562697364,19.49104557963611
136,6.53605290024021,3.728697978182606,4.103093492964104,2.6100534816839867,1.5004289905094885,0.23227215206310664,0.6930740684518844,0.08649152562697364,19.49016458972236
159,4.15754127698648,5.68805599368526,4.103093492964104,1.857980995127572,1.9631632318196284,0.23227215206310664,1.3903754450445747,0.08649152562697364,19.4789741133177
268,4.15754127698648,5.68805599368526,4.103093492964104,1.857980995127572,1.9631632318196284,0.23227215206310664,1.3903754450445747,0.08649152562697364,19.4789741133177
329,5.68805599368526,3.6880559936852597,4.273018494406416,2.6100534816839867,1.5004289905094885,0.23227215206310664,1.3903754450445747,0.08649152562697364,19.46875207670507
197,5.68805599368526,3.0766212816029124,1.6780719051126378,2.6100534816839867,1.5004289905094885,4.103093492964104,0.6930740684518844,0.08649152562697364,19.43589073963725
187,5.398549376490275,4.103093492964104,4.103093492964104,2.6100534816839867,1.5004289905094885,0.23227215206310664,1.3903754450445747,0.08649152562697364,19.424357957346615
252,5.68805599368526,3.174819888004664,1.6780719051126378,3.6880559936852597,4.15754127698648,0.23227215206310664,0.6930740684518844,0.08649152562697364,19.39838280361627
326,6.050626073069968,3.6880559936852597,4.103093492964104,1.857980995127572,1.9631632318196284,0.23227215206310664,1.3903754450445747,0.08649152562697364,19.37205890940119
443,6.050626073069968,4.951090399519053,3.5360529002402097,1.857980995127572,1.9631632318196284,0.23227215206310664,0.6930740684518844,0.08649152562697364,19.370751345918396
401,5.398549376490275,2.865060026625902,1.6780719051126378,3.8579809951275723,3.8579809951275723,0.23227215206310664,1.3903754450445747,0.08649152562697364,19.36678242121862
282,4.857980995127572,3.6880559936852597,5.273018494406416,1.857980995127572,1.9631632318196284,0.23227215206310664,1.3903754450445747,0.08649152562697364,19.349338832901108
267,5.68805599368526,6.857980995127572,1.6780719051126378,2.6100534816839867,1.5004289905094885,0.23227215206310664,0.6930740684518844,0.08649152562697364,19.34642911226091
289,4.980537244045838,3.8135868757691185,1.6780719051126378,3.6880559936852597,4.15754127698648,0.23227215206310664,0.6930740684518844,0.08649152562697364,19.329631041741305
193,5.68805599368526,4.951090399519053,1.6780719051126378,4.465663572348812,1.5004289905094885,0.23227215206310664,0.6930740684518844,0.08649152562697364,19.29514860731722
358,5.68805599368526,3.0766212816029124,3.5360529002402097,4.465663572348812,1.5004289905094885,0.23227215206310664,0.6930740684518844,0.08649152562697364,19.278660484528647
388,5.68805599368526,3.4656635723488116,0.0,2.554200246950469,2.6880559936852597,4.103093492964104,0.6930740684518844,0.08649152562697364,19.278634893712763
12,5.15754127698648,3.0766212816029124,4.103093492964104,2.554200246950469,3.3661278987978975,0.23227215206310664,0.6930740684518844,0.08649152562697364,19.26942194344383
258,5.53605290024021,3.6100534816839867,4.33441903907056,3.273018494406416,1.5004289905094885,0.23227215206310664,0.6930740684518844,0.08649152562697364,19.265810652052625
165,5.857980995127572,3.0766212816029124,4.050626073069968,2.554200246950469,2.6880559936852597,0.23227215206310664,0.6930740684518844,0.08649152562697364,19.239322336578148
3,5.857980995127572,3.5725787762653236,3.5360529002402097,2.554200246950469,2.6880559936852597,0.23227215206310664,0.6930740684518844,0.08649152562697364,19.2207066584108
110,5.857980995127572,3.5725787762653236,3.5360529002402097,2.554200246950469,2.6880559936852597,0.23227215206310664,0.6930740684518844,0.08649152562697364,19.2207066584108
203,5.53605290024021,4.050626073069968,4.103093492964104,1.857980995127572,1.9631632318196284,0.23227215206310664,1.3903754450445747,0.08649152562697364,19.22005581595614
349,5.68805599368526,4.15754127698648,1.6780719051126378,4.465663572348812,1.5004289905094885,0.23227215206310664,1.3903754450445747,0.08649152562697364,19.198900861377336
441,4.610053481683987,4.050626073069968,4.050626073069968,3.273018494406416,1.5004289905094885,0.23227215206310664,1.3903754450445747,0.08649152562697364,19.193892235474483
378,5.15754127698648,3.6100534816839867,1.6780719051126378,4.33441903907056,3.3661278987978975,0.23227215206310664,0.6930740684518844,0.08649152562697364,19.15805134779353
338,4.857980995127572,3.6880559936852597,3.648527629498622,2.554200246950469,2.6880559936852597,0.23227215206310664,1.3903754450445747,0.08649152562697364,19.14595998168184
346,5.15754127698648,4.050626073069968,3.648527629498622,2.554200246950469,2.6880559936852597,0.23227215206310664,0.6930740684518844,0.08649152562697364,19.110788966332766
458,6.857980995127572,3.0766212816029124,4.050626073069968,2.6100534816839867,1.5004289905094885,0.23227215206310664,0.6930740684518844,0.08649152562697364,19.107548568135893
208,5.15754127698648,4.050626073069968,2.9510903995190536,2.554200246950469,3.3661278987978975,0.23227215206310664,0.6930740684518844,0.08649152562697364,19.091423641465838
264,6.050626073069968,4.951090399519053,2.9510903995190536,2.6100534816839867,1.5004289905094885,0.23227215206310664,0.6930740684518844,0.08649152562697364,19.075127090443516
40,6.273018494406416,3.6100534816839867,2.9510903995190536,1.857980995127572,3.3661278987978975,0.23227215206310664,0.6930740684518844,0.08649152562697364,19.070109015676895
238,6.53605290024021,4.15754127698648,3.5360529002402097,1.857980995127572,1.9631632318196284,0.23227215206310664,0.6930740684518844,0.08649152562697364,19.062629050556065
192,5.15754127698648,4.53605290024021,3.5360529002402097,2.6100534816839867,1.5004289905094885,0.23227215206310664,1.3903754450445747,0.08649152562697364,19.04926867239503
7,6.050626073069968,3.0766212816029124,3.648527629498622,2.554200246950469,2.6880559936852597,0.23227215206310664,0.6930740684518844,0.08649152562697364,19.0298689709492
233,5.15754127698648,4.050626073069968,4.273018494406416,1.857980995127572,1.9631632318196284,0.23227215206310664,1.3903754450445747,0.08649152562697364,19.011469194144723
276,5.68805599368526,3.6880559936852597,4.103093492964104,1.857980995127572,1.9631632318196284,0.23227215206310664,1.3903754450445747,0.08649152562697364,19.009488830016483
204,5.53605290024021,3.0766212816029124,1.6780719051126378,4.33441903907056,3.3661278987978975,0.23227215206310664,0.6930740684518844,0.08649152562697364,19.003130770966187
280,5.53605290024021,3.0766212816029124,1.6780719051126378,1.857980995127572,1.9631632318196284,4.103093492964104,0.6930740684518844,0.08649152562697364,18.994549400945925
246,5.857980995127572,3.728697978182606,4.273018494406416,2.6100534816839867,1.5004289905094885,0.23227215206310664,0.6930740684518844,0.08649152562697364,18.982017686052036
217,5.15754127698648,3.6880559936852597,3.648527629498622,3.273018494406416,1.5004289905094885,0.23227215206310664,1.3903754450445747,0.08649152562697364,18.976711507820923
102,5.53605290024021,3.0766212816029124,4.103093492964104,2.554200246950469,2.6880559936852597,0.23227215206310664,0.6930740684518844,0.08649152562697364,18.969861661584922
368,5.398549376490275,4.103093492964104,3.648527629498622,2.6100534816839867,1.5004289905094885,0.23227215206310664,1.3903754450445747,0.08649152562697364,18.969792093881132
232,5.53605290024021,4.050626073069968,1.6780719051126378,4.465663572348812,1.5004289905094885,0.23227215206310664,1.3903754450445747,0.08649152562697364,18.939982564015775
374,4.967301138365243,2.865060026625902,1.6780719051126378,3.8579809951275723,3.8579809951275723,0.23227215206310664,1.3903754450445747,0.08649152562697364,18.935534183093587
362,4.857980995127572,4.103093492964104,3.648527629498622,2.554200246950469,2.6880559936852597,0.23227215206310664,0.6930740684518844,0.08649152562697364,18.863696104367992
440,6.53605290024021,3.8135868757691185,3.648527629498622,1.857980995127572,1.9631632318196284,0.23227215206310664,0.6930740684518844,0.08649152562697364,18.83114937859712
418,6.857980995127572,3.0766212816029124,4.050626073069968,1.857980995127572,1.9631632318196284,0.23227215206310664,0.6930740684518844,0.08649152562697364,18.81821032288962
140,6.857980995127572,3.4656635723488116,3.648527629498622,1.857980995127572,1.9631632318196284,0.23227215206310664,0.6930740684518844,0.08649152562697364,18.805154170064174
274,4.610053481683987,3.6100534816839867,1.6780719051126378,3.6880559936852597,4.15754127698648,0.23227215206310664,0.6930740684518844,0.08649152562697364,18.75561388529432
306,6.273018494406416,3.0766212816029124,4.273018494406416,2.6100534816839867,1.5004289905094885,0.23227215206310664,0.6930740684518844,0.08649152562697364,18.744978488751187
56,5.53605290024021,3.8135868757691185,3.1120544469627345,2.554200246950469,2.6880559936852597,0.23227215206310664,0.6930740684518844,0.08649152562697364,18.71578820974976
435,5.53605290024021,3.8135868757691185,3.1120544469627345,2.554200246950469,2.6880559936852597,0.23227215206310664,0.6930740684518844,0.08649152562697364,18.71578820974976
14,6.050626073069968,3.728697978182606,4.103093492964104,1.857980995127572,1.9631632318196284,0.23227215206310664,0.6930740684518844,0.08649152562697364,18.715399517305848
4,4.857980995127572,3.6880559936852597,4.33441903907056,2.6100534816839867,1.5004289905094885,0.23227215206310664,1.3903754450445747,0.08649152562697364,18.700077622811524
149,5.857980995127572,3.6100534816839867,4.103093492964104,2.6100534816839867,1.5004289905094885,0.23227215206310664,0.6930740684518844,0.08649152562697364,18.693448188111105
334,4.980537244045838,3.174819888004664,1.6780719051126378,3.6880559936852597,4.15754127698648,0.23227215206310664,0.6930740684518844,0.08649152562697364,18.69086405397685
428,5.15754127698648,3.6100534816839867,3.648527629498622,2.554200246950469,2.6880559936852597,0.23227215206310664,0.6930740684518844,0.08649152562697364,18.670216374946783
212,5.15754127698648,3.6100534816839867,4.103093492964104,3.273018494406416,1.5004289905094885,0.23227215206310664,0.6930740684518844,0.08649152562697364,18.65597348269244
398,5.15754127698648,3.6100534816839867,4.103093492964104,3.273018494406416,1.5004289905094885,0.23227215206310664,0.6930740684518844,0.08649152562697364,18.65597348269244
271,5.15754127698648,4.050626073069968,2.9510903995190536,3.273018494406416,1.5004289905094885,0.23227215206310664,1.3903754450445747,0.08649152562697364,18.641844357226063
135,5.68805599368526,3.728697978182606,2.9510903995190536,1.857980995127572,3.3661278987978975,0.23227215206310664,0.6930740684518844,0.08649152562697364,18.60379101145436
424,5.53605290024021,3.5725787762653236,4.33441903907056,2.6100534816839867,1.5004289905094885,0.23227215206310664,0.6930740684518844,0.08649152562697364,18.565370933911534
408,5.15754127698648,3.4656635723488116,4.33441903907056,1.857980995127572,1.9631632318196284,0.23227215206310664,1.3903754450445747,0.08649152562697364,18.48790723808771
115,5.53605290024021,3.4656635723488116,3.648527629498622,2.6100534816839867,1.5004289905094885,0.23227215206310664,1.3903754450445747,0.08649152562697364,18.469865697015777
259,5.68805599368526,3.6880559936852597,3.5360529002402097,1.857980995127572,1.9631632318196284,0.23227215206310664,1.3903754450445747,0.08649152562697364,18.442448237292588
275,4.697016947683891,3.0766212816029124,3.648527629498622,4.465663572348812,1.5004289905094885,0.23227215206310664,0.6930740684518844,0.08649152562697364,18.40009616778569
287,4.697016947683891,3.0766212816029124,3.648527629498622,4.465663572348812,1.5004289905094885,0.23227215206310664,0.6930740684518844,0.08649152562697364,18.40009616778569
315,5.128265185808924,3.6880559936852597,4.050626073069968,1.857980995127572,1.9631632318196284,0.23227215206310664,1.3903754450445747,0.08649152562697364,18.39723060224601
223,5.128265185808924,3.6880559936852597,4.050626073069968,1.857980995127572,1.9631632318196284,0.23227215206310664,1.3903754450445747,0.08649152562697364,18.39723060224601
236,4.857980995127572,4.103093492964104,3.648527629498622,3.273018494406416,1.5004289905094885,0.23227215206310664,0.6930740684518844,0.08649152562697364,18.39488734864817
39,5.68805599368526,3.5725787762653236,4.273018494406416,1.857980995127572,1.9631632318196284,0.23227215206310664,0.6930740684518844,0.08649152562697364,18.366635237446168
332,5.273018494406416,4.53605290024021,2.299809014508838,2.554200246950469,2.6880559936852597,0.23227215206310664,0.6930740684518844,0.08649152562697364,18.36297439593316
450,5.273018494406416,4.53605290024021,2.299809014508838,2.554200246950469,2.6880559936852597,0.23227215206310664,0.6930740684518844,0.08649152562697364,18.36297439593316
376,4.68805599368526,3.6880559936852597,2.9510903995190536,2.554200246950469,2.6880559936852597,0.23227215206310664,1.3903754450445747,0.08649152562697364,18.27859775025996
79,4.68805599368526,3.6880559936852597,2.9510903995190536,2.554200246950469,2.6880559936852597,0.23227215206310664,1.3903754450445747,0.08649152562697364,18.27859775025996
205,5.68805599368526,3.8135868757691185,3.648527629498622,2.6100534816839867,1.5004289905094885,0.23227215206310664,0.6930740684518844,0.08649152562697364,18.27249071728844
164,5.03605290024021,3.649054737684623,4.050626073069968,1.857980995127572,1.9631632318196284,0.23227215206310664,1.3903754450445747,0.08649152562697364,18.26601706067666
361,5.398549376490275,3.4656635723488116,4.273018494406416,2.6100534816839867,1.5004289905094885,0.23227215206310664,0.6930740684518844,0.08649152562697364,18.259551661580947
416,6.857980995127572,3.6100534816839867,2.9510903995190536,1.857980995127572,1.9631632318196284,0.23227215206310664,0.6930740684518844,0.08649152562697364,18.252106849419782
242,5.15754127698648,3.728697978182606,3.5360529002402097,3.273018494406416,1.5004289905094885,0.23227215206310664,0.6930740684518844,0.08649152562697364,18.207577386467165
301,5.68805599368526,3.9805372440458378,2.9510903995190536,1.857980995127572,1.9631632318196284,0.23227215206310664,1.3903754450445747,0.08649152562697364,18.14996698693201
210,5.15754127698648,3.0766212816029124,4.103093492964104,3.273018494406416,1.5004289905094885,0.23227215206310664,0.6930740684518844,0.08649152562697364,18.122541282611365
118,4.869341033377614,4.15754127698648,3.5360529002402097,1.857980995127572,1.9631632318196284,0.23227215206310664,1.3903754450445747,0.08649152562697364,18.093218560286164
225,5.68805599368526,3.0766212816029124,3.5360529002402097,3.273018494406416,1.5004289905094885,0.23227215206310664,0.6930740684518844,0.08649152562697364,18.086015406586252
22,5.398549376490275,4.050626073069968,1.6780719051126378,2.554200246950469,2.6880559936852597,0.23227215206310664,1.3903754450445747,0.08649152562697364,18.07864271804327
235,5.565499744766994,3.5725787762653236,4.103093492964104,1.857980995127572,1.9631632318196284,0.23227215206310664,0.6930740684518844,0.08649152562697364,18.07415398708559
323,6.273018494406416,2.6170812792946965,4.33441903907056,1.857980995127572,1.9631632318196284,0.23227215206310664,0.6930740684518844,0.08649152562697364,18.057500785860842
133,6.273018494406416,2.6170812792946965,4.33441903907056,1.857980995127572,1.9631632318196284,0.23227215206310664,0.6930740684518844,0.08649152562697364,18.057500785860842
243,5.15754127698648,4.103093492964104,2.9510903995190536,2.6100534816839867,1.5004289905094885,0.23227215206310664,1.3903754450445747,0.08649152562697364,18.03134676439777
421,5.293339486655089,4.103093492964104,1.6780719051126378,2.554200246950469,2.6880559936852597,0.23227215206310664,1.3903754450445747,0.08649152562697364,18.025900248102218
425,5.293339486655089,4.103093492964104,1.6780719051126378,2.554200246950469,2.6880559936852597,0.23227215206310664,1.3903754450445747,0.08649152562697364,18.025900248102218
157,6.53605290024021,3.6100534816839867,1.6780719051126378,3.6880559936852597,1.5004289905094885,0.23227215206310664,0.6930740684518844,0.08649152562697364,18.02450101737355
206,5.53605290024021,3.6880559936852597,2.9510903995190536,2.6100534816839867,1.5004289905094885,0.23227215206310664,1.3903754450445747,0.08649152562697364,17.994820888372654
130,5.273018494406416,4.103093492964104,1.6780719051126378,2.554200246950469,3.3661278987978975,0.23227215206310664,0.6930740684518844,0.08649152562697364,17.98634978437349
335,5.68805599368526,3.0766212816029124,2.9510903995190536,1.857980995127572,3.3661278987978975,0.23227215206310664,0.6930740684518844,0.08649152562697364,17.951714314874664
207,5.398549376490275,3.8135868757691185,2.9510903995190536,3.273018494406416,1.5004289905094885,0.23227215206310664,0.6930740684518844,0.08649152562697364,17.948511882836318
8,6.53605290024021,3.4656635723488116,1.6780719051126378,2.554200246950469,2.6880559936852597,0.23227215206310664,0.6930740684518844,0.08649152562697364,17.933882364479356
348,5.273018494406416,3.9321064744195433,3.5360529002402097,2.6100534816839867,1.5004289905094885,0.23227215206310664,0.6930740684518844,0.08649152562697364,17.86349808740161
177,5.68805599368526,3.1040836750282237,3.5360529002402097,1.857980995127572,1.9631632318196284,0.23227215206310664,1.3903754450445747,0.08649152562697364,17.858475918635552
88,5.273018494406416,4.103093492964104,2.9510903995190536,1.857980995127572,1.9631632318196284,0.23227215206310664,1.3903754450445747,0.08649152562697364,17.857485736571434
447,5.68805599368526,3.4656635723488116,1.6780719051126378,4.465663572348812,1.5004289905094885,0.23227215206310664,0.6930740684518844,0.08649152562697364,17.809721780146976
86,6.273018494406416,2.591316128974655,4.103093492964104,1.857980995127572,1.9631632318196284,0.23227215206310664,0.6930740684518844,0.08649152562697364,17.800410089434344
406,6.050626073069968,3.8135868757691185,1.6780719051126378,3.6880559936852597,1.5004289905094885,0.23227215206310664,0.6930740684518844,0.08649152562697364,17.74260758428844
385,5.273018494406416,3.9805372440458378,2.9510903995190536,1.857980995127572,1.9631632318196284,0.23227215206310664,1.3903754450445747,0.08649152562697364,17.734929487653165
369,5.398549376490275,3.0766212816029124,4.103093492964104,2.6100534816839867,1.5004289905094885,0.23227215206310664,0.6930740684518844,0.08649152562697364,17.700584369392732
382,5.273018494406416,3.4656635723488116,4.103093492964104,1.857980995127572,1.9631632318196284,0.23227215206310664,0.6930740684518844,0.08649152562697364,17.6747575328085
330,5.15754127698648,3.5725787762653236,4.103093492964104,1.857980995127572,1.9631632318196284,0.23227215206310664,0.6930740684518844,0.08649152562697364,17.666195519305077
226,4.857980995127572,3.4656635723488116,3.5360529002402097,3.273018494406416,1.5004289905094885,0.23227215206310664,0.6930740684518844,0.08649152562697364,17.644982698774463
439,6.050626073069968,3.0766212816029124,3.648527629498622,1.857980995127572,1.9631632318196284,0.23227215206310664,0.6930740684518844,0.08649152562697364,17.60875695726067
124,6.050626073069968,4.951090399519053,1.6780719051126378,1.857980995127572,1.9631632318196284,0.23227215206310664,0.6930740684518844,0.08649152562697364,17.512770350790827
178,6.53605290024021,3.4656635723488116,1.6780719051126378,3.273018494406416,1.5004289905094885,0.23227215206310664,0.6930740684518844,0.08649152562697364,17.465073608759532
60,5.273018494406416,3.6880559936852597,2.9510903995190536,1.857980995127572,1.9631632318196284,0.23227215206310664,1.3903754450445747,0.08649152562697364,17.442448237292588
143,5.273018494406416,3.6880559936852597,2.9510903995190536,1.857980995127572,1.9631632318196284,0.23227215206310664,1.3903754450445747,0.08649152562697364,17.442448237292588
92,6.53605290024021,3.0766212816029124,2.9510903995190536,1.857980995127572,1.9631632318196284,0.23227215206310664,0.6930740684518844,0.08649152562697364,17.396746554451344
113,6.53605290024021,4.050626073069968,1.6780719051126378,2.6100534816839867,1.5004289905094885,0.23227215206310664,0.6930740684518844,0.08649152562697364,17.38707109675826
201,5.15754127698648,3.0766212816029124,2.9510903995190536,3.6880559936852597,1.5004289905094885,0.23227215206310664,0.6930740684518844,0.08649152562697364,17.38557568844516
194,5.15754127698648,3.728697978182606,3.648527629498622,1.857980995127572,1.9631632318196284,0.23227215206310664,0.6930740684518844,0.08649152562697364,17.367748857756876
5,6.273018494406416,3.6100534816839867,1.6780719051126378,3.273018494406416,1.5004289905094885,0.23227215206310664,0.6930740684518844,0.08649152562697364,17.34642911226091
44,5.68805599368526,3.6100534816839867,1.6780719051126378,1.857980995127572,3.3661278987978975,0.23227215206310664,0.6930740684518844,0.08649152562697364,17.212128020549322
366,5.398549376490275,0.0,2.9510903995190536,3.6880559936852597,4.15754127698648,0.23227215206310664,0.6930740684518844,0.08649152562697364,17.20707479282304
413,4.4227986353358695,3.5725787762653236,2.9510903995190536,2.554200246950469,2.6880559936852597,0.23227215206310664,0.6930740684518844,0.08649152562697364,17.200561797897944
66,4.4227986353358695,3.5725787762653236,2.9510903995190536,2.554200246950469,2.6880559936852597,0.23227215206310664,0.6930740684518844,0.08649152562697364,17.200561797897944
10,5.565499744766994,2.591316128974655,4.103093492964104,1.857980995127572,1.9631632318196284,0.23227215206310664,0.6930740684518844,0.08649152562697364,17.09289133979492
71,6.050626073069968,3.5725787762653236,1.6780719051126378,3.273018494406416,1.5004289905094885,0.23227215206310664,0.6930740684518844,0.08649152562697364,17.0865619855058
444,4.869341033377614,3.1040836750282237,3.5360529002402097,1.857980995127572,1.9631632318196284,0.23227215206310664,1.3903754450445747,0.08649152562697364,17.039760958327907
272,5.273018494406416,3.0730531909620984,1.6780719051126378,4.465663572348812,1.5004289905094885,0.23227215206310664,0.6930740684518844,0.08649152562697364,17.00207389948142
302,5.273018494406416,3.0730531909620984,1.6780719051126378,4.465663572348812,1.5004289905094885,0.23227215206310664,0.6930740684518844,0.08649152562697364,17.00207389948142
126,4.670566853720548,3.6880559936852597,1.6780719051126378,2.554200246950469,2.6880559936852597,0.23227215206310664,1.3903754450445747,0.08649152562697364,16.988090115888834
373,4.670566853720548,3.6880559936852597,1.6780719051126378,2.554200246950469,2.6880559936852597,0.23227215206310664,1.3903754450445747,0.08649152562697364,16.988090115888834
456,4.670566853720548,3.6880559936852597,1.6780719051126378,2.554200246950469,2.6880559936852597,0.23227215206310664,1.3903754450445747,0.08649152562697364,16.988090115888834
269,4.4227986353358695,4.103093492964104,3.5360529002402097,1.857980995127572,1.9631632318196284,0.23227215206310664,0.6930740684518844,0.08649152562697364,16.89492700162935
357,4.4227986353358695,4.103093492964104,3.5360529002402097,1.857980995127572,1.9631632318196284,0.23227215206310664,0.6930740684518844,0.08649152562697364,16.89492700162935
445,6.53605290024021,3.8116024246676456,1.6780719051126378,1.857980995127572,1.9631632318196284,0.23227215206310664,0.6930740684518844,0.08649152562697364,16.85870920310966
347,4.258220454620265,3.9321064744195433,3.5360529002402097,2.6100534816839867,1.5004289905094885,0.23227215206310664,0.6930740684518844,0.08649152562697364,16.84870004761546
438,5.697016947683891,4.53605290024021,1.6780719051126378,1.857980995127572,1.9631632318196284,0.23227215206310664,0.6930740684518844,0.08649152562697364,16.744123726125906
99,5.697016947683891,4.53605290024021,1.6780719051126378,1.857980995127572,1.9631632318196284,0.23227215206310664,0.6930740684518844,0.08649152562697364,16.744123726125906
218,4.258220454620265,3.8135868757691185,3.5360529002402097,2.6100534816839867,1.5004289905094885,0.23227215206310664,0.6930740684518844,0.08649152562697364,16.730180448965033
253,4.258220454620265,3.8135868757691185,3.5360529002402097,2.6100534816839867,1.5004289905094885,0.23227215206310664,0.6930740684518844,0.08649152562697364,16.730180448965033
139,3.8880791247223807,3.6100534816839867,2.9510903995190536,2.554200246950469,2.6880559936852597,0.23227215206310664,0.6930740684518844,0.08649152562697364,16.703316992703115
211,3.8880791247223807,3.6100534816839867,2.9510903995190536,2.554200246950469,2.6880559936852597,0.23227215206310664,0.6930740684518844,0.08649152562697364,16.703316992703115
120,3.8880791247223807,3.6100534816839867,2.9510903995190536,2.554200246950469,2.6880559936852597,0.23227215206310664,0.6930740684518844,0.08649152562697364,16.703316992703115
114,4.773018494406416,3.8135868757691185,2.9510903995190536,2.6100534816839867,1.5004289905094885,0.23227215206310664,0.6930740684518844,0.08649152562697364,16.66001598803003
295,4.773018494406416,3.8135868757691185,2.9510903995190536,2.6100534816839867,1.5004289905094885,0.23227215206310664,0.6930740684518844,0.08649152562697364,16.66001598803003
169,4.904535697323313,3.8135868757691185,1.6780719051126378,2.554200246950469,2.6880559936852597,0.23227215206310664,0.6930740684518844,0.08649152562697364,16.650288464982765
191,5.15754127698648,0.0,1.6780719051126378,7.273018494406416,1.5004289905094885,0.23227215206310664,0.6930740684518844,0.08649152562697364,16.62089841315699
23,5.15754127698648,3.0766212816029124,3.5360529002402097,1.857980995127572,1.9631632318196284,0.23227215206310664,0.6930740684518844,0.08649152562697364,16.60319743191877
155,3.9322292233969307,3.728697978182606,4.050626073069968,1.857980995127572,1.9631632318196284,0.23227215206310664,0.6930740684518844,0.08649152562697364,16.544535247738672
144,3.9322292233969307,3.728697978182606,4.050626073069968,1.857980995127572,1.9631632318196284,0.23227215206310664,0.6930740684518844,0.08649152562697364,16.544535247738672
245,3.9322292233969307,3.728697978182606,4.050626073069968,1.857980995127572,1.9631632318196284,0.23227215206310664,0.6930740684518844,0.08649152562697364,16.544535247738672
319,6.53605290024021,0.0,0.0,3.273018494406416,1.5004289905094885,0.23227215206310664,0.6930740684518844,4.2141248053528475,16.448971411023955
49,5.15754127698648,4.543302685087767,1.6780719051126378,1.857980995127572,1.9631632318196284,0.23227215206310664,0.6930740684518844,0.08649152562697364,16.211897840276052
367,4.857980995127572,3.728697978182606,1.3145811523158455,2.554200246950469,2.6880559936852597,0.23227215206310664,0.6930740684518844,0.08649152562697364,16.15535411240372
298,4.857980995127572,3.728697978182606,1.3145811523158455,2.554200246950469,2.6880559936852597,0.23227215206310664,0.6930740684518844,0.08649152562697364,16.15535411240372
148,4.95430353409877,3.728697978182606,1.6780719051126378,3.273018494406416,1.5004289905094885,0.23227215206310664,0.6930740684518844,0.08649152562697364,16.146358648451884
132,4.95430353409877,3.728697978182606,1.6780719051126378,3.273018494406416,1.5004289905094885,0.23227215206310664,0.6930740684518844,0.08649152562697364,16.146358648451884
46,5.53605290024021,3.0766212816029124,1.6780719051126378,3.273018494406416,1.5004289905094885,0.23227215206310664,0.6930740684518844,0.08649152562697364,16.07603131801363
309,6.53605290024021,2.597180775265709,1.6780719051126378,2.6100534816839867,1.5004289905094885,0.23227215206310664,0.6930740684518844,0.08649152562697364,15.933625798953996
131,5.857980995127572,4.050626073069968,0.0,2.6100534816839867,1.5004289905094885,0.23227215206310664,1.3903754450445747,0.08649152562697364,15.728228663125671
250,4.467301138365243,3.6880559936852597,1.6780719051126378,2.6100534816839867,1.5004289905094885,0.23227215206310664,1.3903754450445747,0.08649152562697364,15.65305063209127
364,4.467301138365243,3.6880559936852597,1.6780719051126378,2.6100534816839867,1.5004289905094885,0.23227215206310664,1.3903754450445747,0.08649152562697364,15.65305063209127
18,4.857980995127572,3.5725787762653236,1.6780719051126378,1.857980995127572,1.9631632318196284,0.23227215206310664,1.3903754450445747,0.08649152562697364,15.638915026187389
436,4.610053481683987,3.0766212816029124,1.6780719051126378,2.554200246950469,2.6880559936852597,0.23227215206310664,0.6930740684518844,0.08649152562697364,15.618840655177232
415,4.070575056489878,3.6100534816839867,1.6780719051126378,2.554200246950469,2.6880559936852597,0.23227215206310664,0.6930740684518844,0.08649152562697364,15.612794430064197
195,4.070575056489878,3.6100534816839867,1.6780719051126378,2.554200246950469,2.6880559936852597,0.23227215206310664,0.6930740684518844,0.08649152562697364,15.612794430064197
147,4.904535697323313,2.7118201787265526,1.6780719051126378,2.554200246950469,2.6880559936852597,0.23227215206310664,0.6930740684518844,0.08649152562697364,15.5485217679402
350,4.153535214683939,4.15754127698648,1.6780719051126378,1.857980995127572,1.9631632318196284,0.23227215206310664,1.3903754450445747,0.08649152562697364,15.519431746464914
312,4.153535214683939,4.15754127698648,1.6780719051126378,1.857980995127572,1.9631632318196284,0.23227215206310664,1.3903754450445747,0.08649152562697364,15.519431746464914
91,4.153535214683939,4.15754127698648,1.6780719051126378,1.857980995127572,1.9631632318196284,0.23227215206310664,1.3903754450445747,0.08649152562697364,15.519431746464914
189,4.153535214683939,4.15754127698648,1.6780719051126378,1.857980995127572,1.9631632318196284,0.23227215206310664,1.3903754450445747,0.08649152562697364,15.519431746464914
333,5.065499744766994,3.6100534816839867,1.6780719051126378,2.6100534816839867,1.5004289905094885,0.23227215206310664,0.6930740684518844,0.08649152562697364,15.475945349899058
336,5.065499744766994,3.6100534816839867,1.6780719051126378,2.6100534816839867,1.5004289905094885,0.23227215206310664,0.6930740684518844,0.08649152562697364,15.475945349899058
417,5.273018494406416,3.6100534816839867,1.6780719051126378,1.857980995127572,1.9631632318196284,0.23227215206310664,0.6930740684518844,0.08649152562697364,15.394125854292207
363,6.050626073069968,2.4451040786860156,1.6780719051126378,2.6100534816839867,1.5004289905094885,0.23227215206310664,0.6930740684518844,0.08649152562697364,15.29612227520406
231,4.670566853720548,3.8135868757691185,1.6780719051126378,2.6100534816839867,1.5004289905094885,0.23227215206310664,0.6930740684518844,0.08649152562697364,15.284545852937745
293,4.670566853720548,3.8135868757691185,1.6780719051126378,2.6100534816839867,1.5004289905094885,0.23227215206310664,0.6930740684518844,0.08649152562697364,15.284545852937745
303,4.073053190962098,3.0766212816029124,2.9510903995190536,2.6100534816839867,1.5004289905094885,0.23227215206310664,0.6930740684518844,0.08649152562697364,15.223085090419504
260,3.9087661140997976,4.103093492964104,1.6780719051126378,1.857980995127572,1.9631632318196284,0.23227215206310664,1.3903754450445747,0.08649152562697364,15.220214861858395
244,3.9087661140997976,4.103093492964104,1.6780719051126378,1.857980995127572,1.9631632318196284,0.23227215206310664,1.3903754450445747,0.08649152562697364,15.220214861858395
104,3.9087661140997976,4.103093492964104,1.6780719051126378,1.857980995127572,1.9631632318196284,0.23227215206310664,1.3903754450445747,0.08649152562697364,15.220214861858395
89,4.12566639296833,4.543302685087767,1.6780719051126378,1.857980995127572,1.9631632318196284,0.23227215206310664,0.6930740684518844,0.08649152562697364,15.180022956257902
324,5.15754127698648,3.0543158382527666,1.6780719051126378,2.6100534816839867,1.5004289905094885,0.23227215206310664,0.6930740684518844,0.08649152562697364,15.012249238687327
331,4.610053481683987,2.271142426975862,2.9510903995190536,2.6100534816839867,1.5004289905094885,0.23227215206310664,0.6930740684518844,0.08649152562697364,14.954606526514342
407,5.53605290024021,0.0,2.9510903995190536,2.554200246950469,2.6880559936852597,0.23227215206310664,0.6930740684518844,0.08649152562697364,14.74123728653696
152,4.070575056489878,2.7118201787265526,1.6780719051126378,2.554200246950469,2.6880559936852597,0.23227215206310664,0.6930740684518844,0.08649152562697364,14.714561127106764
214,4.15754127698648,3.5725787762653236,1.6780719051126378,2.6100534816839867,1.5004289905094885,0.23227215206310664,0.6930740684518844,0.08649152562697364,14.530512176699881
296,4.12566639296833,3.8135868757691185,1.6780719051126378,1.857980995127572,1.9631632318196284,0.23227215206310664,0.6930740684518844,0.08649152562697364,14.45030714693925
162,4.12566639296833,3.8135868757691185,1.6780719051126378,1.857980995127572,1.9631632318196284,0.23227215206310664,0.6930740684518844,0.08649152562697364,14.45030714693925
47,4.12566639296833,3.8135868757691185,1.6780719051126378,1.857980995127572,1.9631632318196284,0.23227215206310664,0.6930740684518844,0.08649152562697364,14.45030714693925
304,4.197016947683891,3.728697978182606,1.6780719051126378,1.857980995127572,1.9631632318196284,0.23227215206310664,0.6930740684518844,0.08649152562697364,14.436768804068302
426,4.073053190962098,2.271142426975862,2.9510903995190536,2.6100534816839867,1.5004289905094885,0.23227215206310664,0.6930740684518844,0.08649152562697364,14.417606235792453
412,5.273018494406416,2.6303173849752914,1.6780719051126378,1.857980995127572,1.9631632318196284,0.23227215206310664,0.6930740684518844,0.08649152562697364,14.414389757583512
93,4.15754127698648,3.0543158382527666,1.6780719051126378,2.6100534816839867,1.5004289905094885,0.23227215206310664,0.6930740684518844,0.08649152562697364,14.012249238687323
145,4.670566853720548,2.4451040786860156,1.6780719051126378,2.6100534816839867,1.5004289905094885,0.23227215206310664,0.6930740684518844,0.08649152562697364,13.916063055854641
107,3.561517924186089,3.8116024246676456,1.6780719051126378,1.857980995127572,1.9631632318196284,0.23227215206310664,0.6930740684518844,0.08649152562697364,13.884174227055537
87,3.3428960433077926,3.728697978182606,1.6780719051126378,2.6100534816839867,1.5004289905094885,0.23227215206310664,0.6930740684518844,0.08649152562697364,13.871986144938477
222,3.3428960433077926,3.728697978182606,1.6780719051126378,2.6100534816839867,1.5004289905094885,0.23227215206310664,0.6930740684518844,0.08649152562697364,13.871986144938477
167,3.3428960433077926,3.728697978182606,1.6780719051126378,2.6100534816839867,1.5004289905094885,0.23227215206310664,0.6930740684518844,0.08649152562697364,13.871986144938477
237,3.3428960433077926,3.728697978182606,1.6780719051126378,2.6100534816839867,1.5004289905094885,0.23227215206310664,0.6930740684518844,0.08649152562697364,13.871986144938477
251,3.561517924186089,3.5725787762653236,1.6780719051126378,1.857980995127572,1.9631632318196284,0.23227215206310664,0.6930740684518844,0.08649152562697364,13.645150578653217
402,3.561517924186089,3.5725787762653236,1.6780719051126378,1.857980995127572,1.9631632318196284,0.23227215206310664,0.6930740684518844,0.08649152562697364,13.645150578653217
375,4.197016947683891,2.650638377223965,1.6780719051126378,1.857980995127572,1.9631632318196284,0.23227215206310664,0.6930740684518844,0.08649152562697364,13.35870920310966
277,3.3041925520576774,3.4656635723488116,1.6780719051126378,1.857980995127572,1.9631632318196284,0.23227215206310664,0.6930740684518844,0.08649152562697364,13.280910002608293
213,3.3041925520576774,3.4656635723488116,1.6780719051126378,1.857980995127572,1.9631632318196284,0.23227215206310664,0.6930740684518844,0.08649152562697364,13.280910002608293
270,3.3041925520576774,3.4656635723488116,1.6780719051126378,1.857980995127572,1.9631632318196284,0.23227215206310664,0.6930740684518844,0.08649152562697364,13.280910002608293
394,3.264832360049707,3.0766212816029124,1.6780719051126378,1.857980995127572,1.9631632318196284,0.23227215206310664,0.6930740684518844,0.08649152562697364,12.852507519854422
432,3.264832360049707,3.0766212816029124,1.6780719051126378,1.857980995127572,1.9631632318196284,0.23227215206310664,0.6930740684518844,0.08649152562697364,12.852507519854422
219,3.264832360049707,3.0766212816029124,1.6780719051126378,1.857980995127572,1.9631632318196284,0.23227215206310664,0.6930740684518844,0.08649152562697364,12.852507519854422
360,3.264832360049707,3.0766212816029124,1.6780719051126378,1.857980995127572,1.9631632318196284,0.23227215206310664,0.6930740684518844,0.08649152562697364,12.852507519854422
76,3.264832360049707,3.0766212816029124,1.6780719051126378,1.857980995127572,1.9631632318196284,0.23227215206310664,0.6930740684518844,0.08649152562697364,12.852507519854422
266,3.264832360049707,3.0766212816029124,1.6780719051126378,1.857980995127572,1.9631632318196284,0.23227215206310664,0.6930740684518844,0.08649152562697364,12.852507519854422
17,3.3428960433077926,2.597180775265709,1.6780719051126378,2.6100534816839867,1.5004289905094885,0.23227215206310664,0.6930740684518844,0.08649152562697364,12.74046894202158
281,3.561517924186089,2.650638377223965,1.6780719051126378,1.857980995127572,1.9631632318196284,0.23227215206310664,0.6930740684518844,0.08649152562697364,12.723210179611856
285,3.561517924186089,2.6303173849752914,1.6780719051126378,1.857980995127572,1.9631632318196284,0.23227215206310664,0.6930740684518844,0.08649152562697364,12.702889187363185
15,3.3041925520576774,2.271142426975862,1.6780719051126378,1.857980995127572,1.9631632318196284,0.23227215206310664,0.6930740684518844,0.08649152562697364,12.086388857235344
168,3.264832360049707,2.271142426975862,1.6780719051126378,1.857980995127572,1.9631632318196284,0.23227215206310664,0.6930740684518844,0.08649152562697364,12.047028665227375
316,5.15754127698648,0.0,0.0,2.6100534816839867,1.5004289905094885,0.23227215206310664,0.6930740684518844,0.08649152562697364,10.279861495321919
353,5.273018494406416,0.0,0.0,0.0,0.0,4.103093492964104,0.6930740684518844,0.08649152562697364,10.155677581449376
