original_index,msu,suda,fK,fM,AgeCog_W1,Height_W1,HandednessScore,EduComp,Race,EduYrsEstCap,Sex,Ethnicity,dis-suda
0,1.0,14483,1.0,168,54,68.5,4.0,3.0,5,15.0,m,0.0,0.005611007861923035
1,2.0,6165,1.0,156,73,68.0,3.545,6.0,5,18.0,m,0.0,0.002388446003504489
2,2.0,6211,1.0,150,22,64.0,4.0,4.0,2,16.0,m,0.0,0.002406267336215147
3,2.0,6116,1.0,120,44,67.0,3.727,6.0,5,18.0,f,0.0,0.002369462409964875
4,2.0,3501,1.0,132,70,72.0,3.364,3.0,5,14.0,m,0.0,0.0013563583873916004
5,2.0,3063,1.0,113,22,65.0,4.0,3.0,5,15.0,f,0.0,0.0011866683063640308
6,2.0,2903,1.0,112,30,61.0,3.364,4.0,5,16.0,f,0.0,0.0011246810621530464
7,2.0,5431,1.0,136,82,64.0,3.818,6.0,5,18.0,f,0.0,0.0021040795206865985
8,2.0,5605,1.0,140,41,66.0,4.0,6.0,5,18.0,f,0.0,0.002171490648766044
9,2.0,7940,1.0,126,47,64.0,3.636,4.0,6,16.0,f,1.0,0.003076116993970096
10,2.0,1957,1.0,64,24,67.0,3.273,4.0,5,16.0,f,0.0,0.0007581814807556018
11,2.0,9117,1.0,168,81,66.0,2.636,7.0,5,21.0,m,0.0,0.0035321106591971493
12,2.0,3395,1.0,134,81,64.0,3.545,5.0,5,18.0,f,0.0,0.001315291838101823
13,2.0,7747,1.0,152,70,65.0,2.545,7.0,5,21.0,f,0.0,0.0030013448806405964
14,2.0,6589,1.0,144,33,63.0,3.273,4.0,5,16.0,f,0.0,0.0025527122006635972
15,3.0,799,1.0,56,71,66.0,4.0,4.0,5,16.0,f,0.0,0.00030954880077860286
16,2.0,3289,1.0,124,66,71.0,3.636,6.0,5,18.0,m,0.0,0.001274225288812046
17,2.0,1957,1.0,64,79,63.0,4.0,3.0,5,14.0,f,0.0,0.0007581814807556018
18,2.0,2305,1.0,92,70,67.0,4.0,4.0,5,16.0,m,0.0,0.0008930037369144926
19,2.0,8459,1.0,188,23,68.0,3.636,4.0,1,16.0,m,0.0,0.0032771881173794763
20,2.0,5885,1.0,170,23,69.0,4.0,5.0,1,17.0,m,0.0,0.002279968326135266
21,2.0,6203,1.0,160,23,66.0,3.818,5.0,1,17.0,f,0.0,0.002403167974004598
22,2.0,4273,1.0,128,67,70.0,4.0,6.0,5,18.0,m,0.0,0.0016554468407095995
23,2.0,2903,1.0,112,73,64.0,3.727,4.0,5,16.0,f,0.0,0.0011246810621530464
24,2.0,3974,1.0,108,72,72.0,3.364,6.0,5,18.0,m,0.0,0.0015396081780903227
25,2.0,9851,1.0,188,23,62.0,3.636,5.0,3,17.0,f,1.0,0.00381647714201504
26,2.0,8277,1.0,166,37,75.0,3.091,6.0,5,18.0,m,0.0,0.0032066776270894817
27,2.0,6203,1.0,160,56,73.0,3.727,2.0,5,12.0,m,0.0,0.002403167974004598
28,2.0,7573,1.0,148,26,67.0,4.0,2.0,5,12.0,f,0.0,0.0029339337525611507
29,2.0,4447,1.0,132,29,66.0,3.636,5.0,5,18.0,f,0.0,0.001722857968789045
30,2.0,9329,1.0,176,35,66.5,3.636,4.0,2,16.0,f,0.0,0.0036142437577767034
31,2.0,8423,1.0,176,34,67.0,4.0,6.0,6,18.0,m,0.0,0.003263240987432005
32,1.0,20993,1.0,218,21,63.0,3.636,3.0,3,12.5,f,1.0,0.00813311386075746
33,2.0,8867,1.0,184,25,70.0,3.364,5.0,5,16.5,m,0.0,0.0034352555901174865
34,2.0,6029,1.0,156,31,66.0,3.545,5.0,5,17.0,f,0.0,0.0023357568459251524
35,1.0,13700,1.0,128,27,67.0,3.636,5.0,5,17.0,m,0.0,0.005307657785565531
36,2.0,7559,1.0,173,43,65.0,3.727,3.0,1,15.0,m,0.0,0.0029285098686926895
37,2.0,5817,1.0,148,83,61.0,4.0,7.0,5,21.0,f,0.0,0.002253623747345598
38,2.0,3014,1.0,105,22,70.0,3.545,3.0,5,15.0,m,0.0,0.001167684712824417
39,2.0,3675,1.0,136,76,67.0,3.455,4.0,5,16.0,f,0.0,0.0014237695154710457
40,2.0,2797,1.0,102,24,65.0,3.636,5.0,5,16.0,f,0.0,0.0010836145128632693
41,2.0,6437,1.0,177,22,70.0,3.727,5.0,5,16.0,m,1.0,0.0024938243186631622
42,1.0,18071,1.0,192,56,62.0,3.273,5.0,5,19.0,f,0.0,0.007001071813354358
43,2.0,3751,1.0,132,71,64.0,4.0,2.0,5,12.0,f,1.0,0.0014532134564712632
44,2.0,4235,1.0,124,55,65.0,4.0,5.0,5,16.0,f,0.0,0.0016407248702094907
45,2.0,6589,1.0,144,89,64.0,3.364,3.0,5,14.0,f,0.0,0.0025527122006635972
46,2.0,2903,1.0,112,74,64.0,4.0,3.0,5,15.0,f,0.0,0.0011246810621530464
47,2.0,5276,1.0,118,45,62.0,4.0,4.0,5,16.0,f,0.0,0.0020440293778572075
48,2.0,16049,1.0,217,55,69.0,3.364,7.0,3,21.0,m,1.0,0.006217708014638044
49,2.0,2430,1.0,88,73,67.5,4.0,4.0,5,16.0,f,0.0,0.0009414312714543241
50,2.0,9571,1.0,158,42,63.0,4.0,3.0,2,15.0,f,0.0,0.0037079994646458175
51,2.0,14369,1.0,213,22,62.0,2.636,3.0,6,14.0,f,1.0,0.005566841950422709
52,2.0,7361,1.0,168,23,67.0,4.0,7.0,1,21.0,f,0.0,0.0028518006539815966
53,2.0,6801,1.0,152,36,75.0,4.0,3.0,5,13.0,m,0.0,0.0026348452992431513
54,2.0,5132,1.0,116,41,67.0,4.0,7.0,5,21.0,m,0.0,0.0019882408580673217
55,2.0,4909,1.0,140,22,64.0,3.273,5.0,5,17.0,f,0.0,0.0019018461364482622
56,3.0,1446,1.0,84,60,62.0,3.636,6.0,5,18.0,f,0.0,0.0005602097195567706
57,2.0,6831,1.0,154,49,67.0,3.455,3.0,5,14.5,f,0.0,0.0026464679075327113
58,1.0,21833,1.0,220,54,61.0,3.909,5.0,3,20.0,f,1.0,0.008458546892865126
59,2.0,8837,1.0,182,32,64.0,3.273,7.0,1,21.0,f,0.0,0.003423632981827927
60,2.0,6116,1.0,120,49,72.0,3.636,4.0,5,16.0,m,0.0,0.002369462409964875
61,2.0,10169,1.0,203,30,67.0,4.0,5.0,6,18.0,f,1.0,0.003939676789884371
62,2.0,6453,1.0,160,23,68.0,3.182,5.0,5,17.0,f,0.0,0.0025000230430842606
63,2.0,2903,1.0,112,43,65.0,3.818,3.0,5,15.0,f,0.0,0.0011246810621530464
64,2.0,4447,1.0,132,62,72.0,3.182,6.0,5,18.0,m,0.0,0.001722857968789045
65,2.0,3637,1.0,132,54,71.0,3.364,7.0,5,21.0,m,0.0,0.001409047544970937
66,2.0,2218,1.0,80,62,67.0,3.636,6.0,5,18.0,f,0.0,0.0008592981728747699
67,1.0,18843,1.0,188,44,71.0,3.3,3.0,5,13.0,m,0.0,0.007300160266672358
68,2.0,7959,1.0,160,40,64.0,3.909,3.0,4,14.0,f,0.0,0.0030834779792201505
69,2.0,4235,1.0,124,44,66.5,3.818,4.0,5,16.0,f,0.0,0.0016407248702094907
70,2.0,8345,1.0,172,32,66.0,2.909,4.0,2,16.0,f,0.0,0.00323302220587915
71,2.0,3833,1.0,129,31,67.0,4.0,3.0,5,15.0,f,0.0,0.0014849819191293926
72,2.0,5007,1.0,120,33,66.0,4.0,3.0,2,15.0,f,0.0,0.00193981332352749
73,2.0,9117,1.0,168,36,72.0,3.0,6.0,5,18.0,m,0.0,0.0035321106591971493
74,2.0,5431,1.0,136,34,64.0,3.364,2.0,5,12.0,f,0.0,0.0021040795206865985
75,2.0,3974,1.0,108,21,61.0,3.364,3.0,5,15.0,f,0.0,0.0015396081780903227
76,3.0,1446,1.0,84,30,64.0,4.0,4.0,5,16.0,f,0.0,0.0005602097195567706
77,2.0,4958,1.0,112,30,75.0,3.818,4.0,5,16.0,m,0.0,0.0019208297299878761
78,2.0,5219,1.0,128,50,66.0,4.0,7.0,5,21.0,f,0.0,0.0020219464221070444
79,3.0,1446,1.0,84,63,72.0,3.636,6.0,5,18.0,m,0.0,0.0005602097195567706
80,2.0,7535,1.0,172,60,68.0,3.909,5.0,5,17.0,m,0.0,0.002919211782061042
81,1.0,15717,1.0,172,68,59.0,3.909,6.0,5,18.0,f,0.0,0.006089084482900252
82,2.0,8163,1.0,166,64,67.0,4.0,7.0,2,21.0,m,0.0,0.0031625117155891554
83,2.0,5219,1.0,128,82,67.0,3.091,4.0,5,16.0,m,0.0,0.0020219464221070444
84,2.0,11645,1.0,192,50,72.0,3.545,6.0,3,18.0,m,0.0,0.004511509117730701
85,2.0,10487,1.0,184,21,74.0,3.455,1.0,5,11.0,m,0.0,0.004062876437753702
86,3.0,1060,1.0,72,24,65.0,3.273,4.0,5,16.0,f,0.0,0.000410665492897771
87,2.0,2044,1.0,76,68,63.0,4.0,3.0,5,14.0,f,0.0,0.0007918870447953245
88,2.0,6116,1.0,120,36,69.0,3.636,4.0,5,16.0,m,0.0,0.002369462409964875
89,3.0,587,1.0,48,73,62.0,4.0,4.0,5,16.0,f,0.0,0.00022741570219904865
90,2.0,7959,1.0,160,86,60.0,3.455,3.0,5,14.5,f,0.0,0.0030834779792201505
91,,0,2.0,0,71,71.0,4.0,4.0,5,16.0,m,0.0,0.0
92,2.0,6203,1.0,132,43,64.0,3.636,4.0,5,16.0,f,0.0,0.002403167974004598
93,3.0,799,1.0,56,73,67.0,4.0,3.0,5,14.0,f,0.0,0.00030954880077860286
94,2.0,7361,1.0,140,45,68.0,3.818,3.0,5,14.0,m,0.0,0.0028518006539815966
95,2.0,2903,1.0,112,76,63.0,3.455,6.0,5,18.0,f,0.0,0.0011246810621530464
96,2.0,4061,1.0,120,46,67.0,3.727,3.0,5,14.0,f,0.0,0.0015733137421300454
97,2.0,5431,1.0,136,70,63.0,3.909,7.0,5,21.0,f,0.0,0.0021040795206865985
98,2.0,4235,1.0,124,50,72.0,3.091,4.0,5,16.0,m,0.0,0.0016407248702094907
99,2.0,3588,1.0,96,87,68.0,4.0,4.0,5,16.0,f,0.0,0.001390063951431323
100,2.0,3675,1.0,136,74,71.0,4.0,2.0,5,12.0,m,0.0,0.0014237695154710457
101,2.0,6763,1.0,148,31,75.0,3.545,6.0,5,18.0,m,0.0,0.0026201233287430426
102,2.0,6589,1.0,144,60,64.0,3.273,6.0,5,18.0,f,0.0,0.0025527122006635972
103,2.0,6763,1.0,148,56,66.5,3.727,4.0,5,16.0,f,0.0,0.0026201233287430426
104,2.0,2604,1.0,92,50,69.0,4.0,4.0,5,16.0,m,0.0,0.0010088423995337696
105,2.0,8201,1.0,170,49,75.0,3.182,3.0,5,15.0,m,0.0,0.003177233686089264
106,2.0,6589,1.0,144,61,74.0,3.727,6.0,5,18.0,m,0.0,0.0025527122006635972
107,2.0,1957,1.0,64,38,67.0,4.0,4.0,5,16.0,f,0.0,0.0007581814807556018
108,2.0,4061,1.0,120,31,72.0,3.364,4.0,5,16.0,m,0.0,0.0015733137421300454
109,2.0,2990,1.0,104,52,65.0,3.909,4.0,5,16.0,m,0.0,0.0011583866261927693
110,2.0,3588,1.0,96,47,67.0,3.727,6.0,5,18.0,f,0.0,0.001390063951431323
111,2.0,5276,1.0,118,38,64.0,3.636,4.0,6,16.0,f,1.0,0.0020440293778572075
112,2.0,9125,1.0,186,38,62.0,3.636,7.0,1,21.0,f,0.0,0.0035352100214076985
113,2.0,4099,1.0,124,35,70.0,4.0,3.0,5,14.0,f,0.0,0.0015880357126301541
114,2.0,2430,1.0,88,63,62.0,3.636,3.0,5,14.0,f,0.0,0.0009414312714543241
115,2.0,4327,1.0,131,68,66.0,3.818,3.0,5,14.0,m,0.0,0.0016763675356308069
116,2.0,2585,1.0,106,61,65.0,3.636,5.0,5,17.0,f,0.0,0.0010014814142837152
117,2.0,7959,1.0,160,32,73.0,3.091,3.0,5,14.0,m,0.0,0.0030834779792201505
118,2.0,3588,1.0,96,31,71.0,3.727,4.0,5,16.0,m,0.0,0.001390063951431323
119,2.0,3675,1.0,136,30,66.0,3.364,6.0,5,18.0,f,0.0,0.0014237695154710457
120,2.0,5132,1.0,116,35,65.0,3.636,6.0,5,18.0,f,0.0,0.0019882408580673217
121,2.0,7187,1.0,164,80,66.0,2.909,5.0,5,16.0,f,0.0,0.002784389525902151
122,2.0,5213,1.0,171,31,65.0,4.0,3.0,6,15.0,m,1.0,0.0020196219004491324
123,2.0,7399,1.0,144,38,68.0,3.727,3.0,5,15.0,m,0.0,0.0028665226244817053
124,2.0,3289,1.0,124,82,61.0,4.0,4.0,5,16.0,f,0.0,0.001274225288812046
125,2.0,6521,1.0,166,30,64.0,3.545,6.0,1,18.0,f,0.0,0.002526367621873929
126,2.0,4958,1.0,112,86,72.0,4.0,6.0,5,18.0,m,0.0,0.0019208297299878761
127,2.0,6309,1.0,158,83,67.0,3.909,2.0,5,12.0,f,0.0,0.002444234523294375
128,2.0,10403,1.0,195,31,65.0,2.636,7.0,6,21.0,m,1.0,0.0040303331345429355
129,2.0,5219,1.0,128,47,68.0,3.455,6.0,5,18.0,f,0.0,0.0020219464221070444
130,2.0,4461,1.0,135,57,69.0,4.0,5.0,5,18.0,f,0.0,0.0017282818526575061
131,2.0,5991,1.0,152,86,70.0,-999.0,3.0,5,14.0,m,0.0,0.0023210348754250437
132,2.0,3800,1.0,104,82,63.0,4.0,3.0,5,15.0,f,0.0,0.0014721970500108771
133,3.0,1620,1.0,88,24,71.0,3.364,4.0,5,16.0,f,0.0,0.0006276208476362161
134,2.0,9503,1.0,180,88,60.5,3.818,5.0,5,17.0,f,0.0,0.0036816548858561488
135,2.0,3501,1.0,132,75,63.0,3.636,5.0,5,16.0,f,0.0,0.0013563583873916004
136,2.0,3849,1.0,112,35,63.0,3.273,3.0,5,14.0,f,0.0,0.001491180643550491
137,2.0,5431,1.0,136,30,62.0,4.0,7.0,5,21.0,f,0.0,0.0021040795206865985
138,2.0,5681,1.0,148,36,76.0,4.0,5.0,5,18.0,m,0.0,0.0022009345897662613
139,2.0,2430,1.0,88,57,65.0,3.636,6.0,5,18.0,f,0.0,0.0009414312714543241
140,2.0,6203,1.0,132,34,66.0,3.818,4.0,5,16.0,f,0.0,0.002403167974004598
141,2.0,3993,1.0,142,83,69.0,3.727,7.0,5,21.0,m,0.0,0.001546969163340377
142,2.0,3289,1.0,124,33,70.0,3.455,6.0,5,18.0,m,0.0,0.001274225288812046
143,2.0,4958,1.0,112,66,72.0,3.636,4.0,5,16.0,m,0.0,0.0019208297299878761
144,2.0,2218,1.0,80,74,63.0,3.909,4.0,5,16.0,f,0.0,0.0008592981728747699
145,2.0,1957,1.0,64,64,62.0,4.0,3.0,5,14.0,f,0.0,0.0007581814807556018
146,2.0,13091,1.0,204,52,71.0,3.818,2.0,3,12.0,m,0.0,0.005071718837287472
147,2.0,1957,1.0,64,88,62.0,4.0,6.0,5,18.0,f,0.0,0.0007581814807556018
148,2.0,2218,1.0,80,56,63.0,4.0,3.0,5,15.0,f,0.0,0.0008592981728747699
149,2.0,3849,1.0,112,86,65.0,3.273,3.0,5,14.0,f,0.0,0.001491180643550491
150,2.0,2430,1.0,88,80,70.0,3.909,6.0,5,18.0,m,0.0,0.0009414312714543241
151,2.0,4447,1.0,132,82,64.0,3.545,3.0,5,13.0,f,0.0,0.001722857968789045
152,3.0,587,1.0,48,88,65.0,4.0,6.0,5,18.0,f,0.0,0.00022741570219904865
153,2.0,4273,1.0,128,81,63.0,4.0,3.0,5,13.5,f,0.0,0.0016554468407095995
154,2.0,15173,1.0,203,88,69.0,3.636,3.0,7,13.0,m,0.0,0.005878327852582905
155,2.0,4958,1.0,112,86,63.0,3.909,4.0,5,16.0,f,0.0,0.0019208297299878761
156,2.0,7959,1.0,160,84,74.0,3.727,5.0,5,18.0,m,0.0,0.0030834779792201505
157,2.0,3009,1.0,110,88,65.0,4.0,3.0,5,12.0,f,0.0,0.0011657476114428236
158,2.0,10275,1.0,176,35,64.0,3.091,5.0,5,17.0,f,0.0,0.003980743339174148
159,2.0,3588,1.0,96,81,74.0,3.273,4.0,5,16.0,m,0.0,0.001390063951431323
160,2.0,3637,1.0,132,54,66.0,3.091,6.0,5,18.0,f,0.0,0.001409047544970937
161,2.0,4235,1.0,124,51,71.0,4.0,4.0,2,16.0,m,0.0,0.0016407248702094907
162,2.0,4958,1.0,112,80,62.0,4.0,4.0,5,16.0,f,0.0,0.0019208297299878761
163,2.0,6279,1.0,156,33,70.0,3.818,6.0,1,18.0,m,0.0,0.0024326119150048153
164,2.0,1957,1.0,64,52,74.0,3.909,4.0,5,16.0,m,0.0,0.0007581814807556018
165,2.0,3289,1.0,124,72,64.0,3.909,6.0,5,18.0,f,0.0,0.001274225288812046
166,2.0,7959,1.0,160,75,61.0,4.0,2.0,5,12.0,f,0.0,0.0030834779792201505
167,3.0,1446,1.0,84,86,63.0,4.0,3.0,5,14.0,f,0.0,0.0005602097195567706
168,3.0,587,1.0,48,71,64.0,4.0,4.0,5,16.0,f,0.0,0.00022741570219904865
169,3.0,1060,1.0,72,57,62.0,4.0,6.0,5,18.0,f,0.0,0.000410665492897771
170,2.0,9701,1.0,185,75,65.5,3.818,3.0,2,12.0,f,0.0,0.003758364100567242
171,2.0,4591,1.0,134,34,64.0,4.0,7.0,5,21.0,f,0.0,0.0017786464885789308
172,2.0,11789,1.0,194,32,60.5,3.0,5.0,1,17.0,f,0.0,0.004567297637520587
173,2.0,6043,1.0,147,44,66.0,3.818,4.0,5,16.0,f,1.0,0.0023411807297936136
174,2.0,3729,1.0,139,65,65.0,3.909,5.0,5,17.0,f,0.0,0.0014446902103922529
175,2.0,5605,1.0,140,43,70.0,3.273,3.0,5,14.0,m,0.0,0.002171490648766044
176,2.0,9571,1.0,158,42,69.0,3.182,4.0,5,16.0,m,0.0,0.0037079994646458175
177,3.0,1446,1.0,84,53,70.0,3.727,4.0,5,16.0,m,0.0,0.0005602097195567706
178,2.0,4341,1.0,122,32,66.0,4.0,3.0,5,15.0,f,0.0,0.001681791419499268
179,2.0,13931,1.0,206,48,75.0,2.909,3.0,4,13.0,m,0.0,0.005397151869395139
180,2.0,5045,1.0,124,37,66.0,3.818,7.0,5,21.0,f,0.0,0.001954535294027599
181,2.0,8595,1.0,172,74,-999.0,4.0,2.0,7,12.0,f,-999.0,0.003329877274958813
182,2.0,6589,1.0,144,86,71.0,3.636,7.0,5,21.0,m,0.0,0.0025527122006635972
183,2.0,4621,1.0,136,33,62.0,3.909,7.0,5,21.0,f,0.0,0.0017902690968684904
184,2.0,5605,1.0,140,78,66.0,3.364,3.0,5,14.0,f,0.0,0.002171490648766044
185,2.0,9579,1.0,176,76,-999.0,3.818,2.0,7,12.0,f,-999.0,0.0037110988268563667
186,2.0,5605,1.0,140,70,71.0,3.545,7.0,5,21.0,m,0.0,0.002171490648766044
187,2.0,5219,1.0,128,67,69.0,3.273,3.0,5,14.0,m,0.0,0.0020219464221070444
188,2.0,3974,1.0,108,65,66.0,4.0,3.0,2,12.0,f,0.0,0.0015396081780903227
189,2.0,5276,1.0,118,79,71.0,4.0,4.0,5,16.0,m,0.0,0.0020440293778572075
190,1.0,16875,1.0,180,83,67.0,0.818,4.0,5,16.0,m,0.0,0.006537717162877251
191,2.0,5749,1.0,142,62,-999.0,4.0,3.0,5,13.5,f,0.0,0.0022272791685559296
192,2.0,3077,1.0,116,54,68.0,3.727,3.0,5,14.0,m,0.0,0.001192092190232492
193,2.0,5219,1.0,128,76,61.0,4.0,3.0,5,13.0,f,0.0,0.0020219464221070444
194,2.0,4061,1.0,120,81,63.0,3.818,4.0,5,16.0,f,0.0,0.0015733137421300454
195,2.0,2642,1.0,96,81,65.0,4.0,6.0,5,18.0,f,0.0,0.0010235643700338783
196,2.0,7149,1.0,160,76,71.0,4.0,5.0,5,17.0,m,0.0,0.0027696675554020425
197,2.0,3357,1.0,130,55,64.0,4.0,3.0,2,14.0,f,0.0,0.0013005698676017143
198,2.0,8133,1.0,164,72,71.0,3.273,2.0,5,12.0,m,0.0,0.003150889107299596
199,2.0,4091,1.0,122,68,76.0,4.0,3.0,5,14.0,m,0.0,0.001584936350419605
200,2.0,8133,1.0,164,62,65.5,3.727,3.0,5,14.0,f,0.0,0.003150889107299596
201,2.0,2767,1.0,112,73,64.0,3.636,3.0,5,12.0,f,0.0,0.0010719919045737098
202,2.0,7149,1.0,160,57,66.0,3.455,2.0,5,12.0,f,0.0,0.0027696675554020425
203,2.0,4447,1.0,132,68,70.0,3.273,4.0,5,16.0,m,0.0,0.001722857968789045
204,3.0,1745,1.0,104,61,64.0,4.0,5.0,5,17.0,f,0.0,0.0006760483821760476
205,2.0,4273,1.0,128,55,62.0,3.818,3.0,5,14.0,f,0.0,0.0016554468407095995
206,2.0,3289,1.0,124,60,72.0,3.636,3.0,5,14.0,m,0.0,0.001274225288812046
207,2.0,3115,1.0,120,69,62.0,3.636,3.0,5,15.0,f,0.0,0.0012068141607326007
208,2.0,3077,1.0,116,62,70.0,3.636,5.0,5,18.0,f,0.0,0.001192092190232492
209,2.0,4569,1.0,141,69,65.0,4.0,3.0,5,15.0,f,1.0,0.0017701232424999205
210,2.0,3077,1.0,116,62,64.0,3.273,3.0,5,15.0,f,0.0,0.001192092190232492
211,3.0,1272,1.0,80,71,65.0,3.636,6.0,5,18.0,f,0.0,0.0004927985914773253
212,2.0,2691,1.0,104,65,65.0,3.273,3.0,5,15.0,f,0.0,0.0010425479635734923
213,2.0,2990,1.0,104,69,66.0,4.0,4.0,5,16.0,f,0.0,0.0011583866261927693
214,2.0,2324,1.0,90,65,67.0,4.0,3.0,5,14.0,f,0.0,0.000900364722164547
215,2.0,2517,1.0,100,67,70.0,3.182,4.0,5,16.0,m,0.0,0.0009751368354940468
216,2.0,11645,1.0,192,89,63.0,3.636,1.0,5,11.0,f,0.0,0.004511509117730701
217,2.0,7187,1.0,164,73,72.0,3.818,3.0,5,15.0,m,0.0,0.002784389525902151
218,2.0,3588,1.0,96,77,62.0,3.727,3.0,5,14.0,f,0.0,0.001390063951431323
219,2.0,6116,1.0,120,58,64.0,4.0,4.0,5,16.0,f,0.0,0.002369462409964875
220,2.0,6203,1.0,160,59,73.0,4.0,3.0,2,14.0,m,0.0,0.002403167974004598
221,2.0,4061,1.0,120,58,65.0,3.455,3.0,5,14.0,f,0.0,0.0015733137421300454
222,3.0,1272,1.0,80,70,63.0,4.0,3.0,5,14.0,f,0.0,0.0004927985914773253
223,2.0,2430,1.0,88,67,72.0,3.909,4.0,5,16.0,m,0.0,0.0009414312714543241
224,2.0,5681,1.0,148,54,64.0,4.0,2.0,2,12.0,f,0.0,0.0022009345897662613
225,2.0,5219,1.0,128,75,64.0,3.727,3.0,5,15.0,f,0.0,0.0020219464221070444
226,2.0,5219,1.0,128,70,66.0,3.727,3.0,5,15.0,f,0.0,0.0020219464221070444
227,2.0,6589,1.0,144,77,61.0,4.0,3.0,5,14.5,f,0.0,0.0025527122006635972
228,2.0,6975,1.0,156,56,64.0,2.545,2.0,5,12.0,f,0.0,0.002702256427322597
229,1.0,16157,1.0,187,71,73.5,3.545,3.0,5,14.0,m,1.0,0.006259549404480458
230,2.0,8201,1.0,142,51,72.0,2.455,4.0,5,16.0,m,0.0,0.003177233686089264
231,2.0,4118,1.0,110,84,62.0,4.0,3.0,5,14.0,f,0.0,0.0015953966978802085
232,2.0,5643,1.0,144,60,70.0,4.0,3.0,5,13.0,m,0.0,0.0021862126192661526
233,2.0,4061,1.0,120,81,70.0,3.455,4.0,5,16.0,m,0.0,0.0015733137421300454
234,2.0,7293,1.0,162,80,65.0,3.727,2.0,5,12.0,f,0.0,0.0028254560751919283
235,2.0,3588,1.0,96,40,67.0,3.273,4.0,5,16.0,f,0.0,0.001390063951431323
236,3.0,1745,1.0,104,70,69.0,3.818,3.0,5,15.0,f,0.0,0.0006760483821760476
237,2.0,2286,1.0,86,61,63.0,4.0,3.0,5,14.0,f,0.0,0.0008856427516644382
238,2.0,3849,1.0,112,41,71.0,3.727,4.0,5,16.0,f,0.0,0.001491180643550491
239,1.0,14347,1.0,156,71,63.5,3.909,4.0,5,16.0,f,0.0,0.005558318704343698
240,2.0,9117,1.0,168,73,62.0,4.0,1.0,5,11.0,f,0.0,0.0035321106591971493
241,3.0,1745,1.0,104,72,68.0,4.0,3.0,5,13.0,m,0.0,0.0006760483821760476
242,2.0,5219,1.0,128,65,63.0,3.727,3.0,5,15.0,f,0.0,0.0020219464221070444
243,2.0,2759,1.0,110,65,69.0,3.636,3.0,5,14.0,m,0.0,0.0010688925423631606
244,2.0,2816,1.0,100,65,69.0,4.0,4.0,5,16.0,m,0.0,0.0010909754981133237
245,2.0,2748,1.0,94,62,63.0,3.909,4.0,5,16.0,f,0.0,0.0010646309193236554
246,2.0,2547,1.0,102,56,63.0,3.455,3.0,5,14.0,f,0.0,0.0009867594437836065
247,2.0,7959,1.0,160,69,70.5,3.545,4.0,5,16.0,m,0.0,0.0030834779792201505
248,2.0,5681,1.0,148,69,75.0,3.727,5.0,5,16.0,m,0.0,0.0022009345897662613
249,2.0,5276,1.0,118,53,66.0,4.0,3.0,2,12.0,f,0.0,0.0020440293778572075
250,3.0,1272,1.0,80,67,72.0,4.0,3.0,5,14.0,m,0.0,0.0004927985914773253
251,2.0,3974,1.0,108,52,67.0,4.0,4.0,5,16.0,f,0.0,0.0015396081780903227
252,2.0,4958,1.0,112,76,68.0,4.0,2.0,5,12.0,f,0.0,0.0019208297299878761
253,3.0,1060,1.0,72,69,62.0,3.727,3.0,5,14.0,f,0.0,0.000410665492897771
254,2.0,9329,1.0,192,55,72.0,-999.0,3.0,2,13.0,m,0.0,0.0036142437577767034
255,2.0,5923,1.0,146,76,65.5,3.818,6.0,5,18.0,f,0.0,0.0022946902966353754
256,2.0,3319,1.0,126,54,67.0,4.0,3.0,2,15.0,f,0.0,0.0012858478971016056
257,2.0,7535,1.0,172,65,70.0,3.0,3.0,2,14.0,m,0.0,0.002919211782061042
258,2.0,5219,1.0,128,60,65.0,3.364,3.0,5,15.0,f,0.0,0.0020219464221070444
259,3.0,1919,1.0,108,63,72.0,3.727,4.0,5,16.0,m,0.0,0.0007434595102554929
260,2.0,2006,1.0,72,51,69.0,4.0,4.0,5,16.0,m,0.0,0.0007771650742952157
261,2.0,3077,1.0,116,54,71.0,3.091,3.0,5,14.0,m,0.0,0.001192092190232492
262,2.0,6975,1.0,156,68,67.0,2.909,6.0,5,18.0,m,0.0,0.002702256427322597
263,2.0,8171,1.0,168,69,72.0,3.455,5.0,5,17.0,m,0.0,0.0031656110777997046
264,2.0,4621,1.0,136,64,61.0,3.636,3.0,5,14.0,f,0.0,0.0017902690968684904
265,2.0,5219,1.0,128,62,67.5,4.0,3.0,5,15.0,f,0.0,0.0020219464221070444
266,3.0,1832,1.0,96,67,64.0,4.0,4.0,5,16.0,f,0.0,0.0007097539462157703
267,2.0,6763,1.0,148,63,66.5,4.0,3.0,5,14.0,f,0.0,0.0026201233287430426
268,2.0,2990,1.0,104,62,74.0,3.273,4.0,5,16.0,m,0.0,0.0011583866261927693
269,2.0,2430,1.0,88,63,69.0,3.727,4.0,5,16.0,f,0.0,0.0009414312714543241
270,2.0,2430,1.0,88,62,66.0,4.0,4.0,5,16.0,f,0.0,0.0009414312714543241
271,3.0,2131,1.0,116,62,70.0,3.636,3.0,5,15.0,m,0.0,0.0008255926088350471
272,2.0,2218,1.0,80,51,65.0,4.0,3.0,5,13.0,f,0.0,0.0008592981728747699
273,2.0,9329,1.0,176,70,73.0,2.818,3.0,5,15.0,m,0.0,0.0036142437577767034
274,3.0,1147,1.0,84,71,65.0,4.0,2.0,5,12.0,f,0.0,0.0004443710569374937
275,2.0,2642,1.0,96,72,64.0,3.818,3.0,5,13.0,f,0.0,0.0010235643700338783
276,2.0,5219,1.0,128,53,72.0,3.273,4.0,5,16.0,m,0.0,0.0020219464221070444
277,2.0,4958,1.0,112,64,66.0,4.0,4.0,5,16.0,f,0.0,0.0019208297299878761
278,2.0,2517,1.0,100,71,64.0,3.455,2.0,5,12.0,f,0.0,0.0009751368354940468
279,2.0,12947,1.0,202,62,63.0,3.455,3.0,6,13.0,f,1.0,0.005015930317497586
280,2.0,2585,1.0,106,74,64.0,4.0,4.0,2,16.0,f,0.0,0.0010014814142837152
281,2.0,1957,1.0,64,61,67.0,4.0,4.0,5,16.0,f,0.0,0.0007581814807556018
282,2.0,2903,1.0,112,70,72.0,3.182,4.0,5,16.0,m,0.0,0.0011246810621530464
283,2.0,3183,1.0,126,75,63.0,3.273,3.0,5,12.0,f,0.0,0.001233158739522269
284,2.0,6116,1.0,120,78,68.0,3.273,3.0,5,15.0,m,0.0,0.002369462409964875
285,3.0,1117,1.0,62,51,67.0,4.0,4.0,5,16.0,f,0.0,0.0004327484486479342
286,2.0,10275,1.0,176,74,66.0,3.636,5.0,5,16.5,f,0.0,0.003980743339174148
287,2.0,3800,1.0,104,61,64.0,3.818,3.0,5,13.0,f,0.0,0.0014721970500108771
288,2.0,4023,1.0,144,57,66.0,2.909,3.0,2,15.0,f,0.0,0.0015585917716299366
289,2.0,4958,1.0,112,66,62.0,4.0,2.0,5,12.0,f,0.0,0.0019208297299878761
290,2.0,7505,1.0,170,59,74.0,3.636,4.0,2,16.0,m,0.0,0.0029075891737714824
291,2.0,5605,1.0,140,87,61.0,3.636,4.0,5,16.0,m,0.0,0.002171490648766044
292,2.0,9117,1.0,168,68,65.0,3.455,7.0,5,21.0,f,0.0,0.0035321106591971493
293,3.0,1060,1.0,72,56,62.0,4.0,3.0,5,14.0,f,0.0,0.000410665492897771
294,2.0,3675,1.0,108,58,68.0,3.818,3.0,5,14.0,f,0.0,0.0014237695154710457
295,2.0,3588,1.0,96,72,62.0,3.636,3.0,5,14.0,f,0.0,0.001390063951431323
296,2.0,2044,1.0,76,74,62.0,4.0,4.0,5,16.0,f,0.0,0.0007918870447953245
297,2.0,10661,1.0,188,55,72.0,3.727,1.0,5,11.0,m,0.0,0.0041302875658331475
298,3.0,1446,1.0,84,70,63.0,3.636,6.0,5,18.0,f,0.0,0.0005602097195567706
299,2.0,5219,1.0,156,70,72.0,3.636,2.0,5,12.0,m,0.0,0.0020219464221070444
300,2.0,6763,1.0,148,83,75.0,3.273,3.0,5,14.0,m,0.0,0.0026201233287430426
301,2.0,6116,1.0,120,75,73.0,3.636,4.0,5,16.0,m,0.0,0.002369462409964875
302,3.0,1060,1.0,72,51,68.0,4.0,3.0,5,13.0,f,0.0,0.000410665492897771
303,2.0,3588,1.0,96,68,64.0,3.636,3.0,5,14.0,f,0.0,0.001390063951431323
304,3.0,1060,1.0,72,70,63.0,4.0,4.0,5,16.0,f,0.0,0.000410665492897771
305,2.0,4061,1.0,120,69,61.0,3.727,3.0,5,13.0,f,0.0,0.0015733137421300454
306,2.0,4061,1.0,120,66,64.0,3.455,3.0,5,14.0,f,0.0,0.0015733137421300454
307,2.0,6415,1.0,140,77,69.0,3.636,3.0,5,15.0,m,0.0,0.002485301072584152
308,2.0,7589,1.0,175,82,65.0,3.273,7.0,5,21.0,m,0.0,0.002940132476982249
309,2.0,2218,1.0,80,79,66.0,4.0,3.0,5,14.0,f,0.0,0.0008592981728747699
310,2.0,4958,1.0,112,67,61.0,3.364,3.0,5,15.0,f,0.0,0.0019208297299878761
311,2.0,7013,1.0,176,51,67.0,3.455,3.0,2,14.0,m,0.0,0.002716978397822706
312,,0,2.0,0,71,71.0,4.0,4.0,5,16.0,m,0.0,0.0
313,2.0,6401,1.0,165,53,70.0,3.636,3.0,5,14.0,m,1.0,0.0024798771887156908
314,2.0,4148,1.0,112,64,67.0,3.636,5.0,5,17.0,m,0.0,0.001607019306169768
315,2.0,3588,1.0,96,87,72.0,3.909,4.0,5,16.0,m,0.0,0.001390063951431323
316,2.0,5553,1.0,145,73,-999.0,-999.0,3.0,5,14.0,f,0.0,0.002151344794397474
317,2.0,5605,1.0,140,76,77.0,3.727,4.0,5,16.0,m,0.0,0.002171490648766044
318,2.0,8171,1.0,168,81,60.0,3.909,3.0,5,13.0,f,0.0,0.0031656110777997046
319,2.0,10805,1.0,190,79,-999.0,-999.0,3.0,5,15.0,f,1.0,0.004186076085623033
320,2.0,5991,1.0,152,68,69.0,4.0,6.0,2,18.0,m,0.0,0.0023210348754250437
321,2.0,7989,1.0,162,85,63.0,2.909,3.0,5,15.0,f,0.0,0.00309510058750971
322,2.0,6763,1.0,148,85,71.0,3.818,3.0,5,14.0,m,0.0,0.0026201233287430426
323,2.0,2430,1.0,88,24,64.0,3.364,4.0,5,16.0,f,0.0,0.0009414312714543241
324,3.0,1234,1.0,76,73,68.0,4.0,3.0,5,14.0,f,0.0,0.00047807662097721645
325,2.0,9117,1.0,168,78,67.5,2.818,4.0,5,16.0,f,0.0,0.0035321106591971493
326,2.0,2865,1.0,108,82,72.0,3.545,4.0,5,16.0,m,0.0,0.0011099590916529376
327,2.0,2430,1.0,88,72,68.0,3.273,3.0,5,15.0,m,0.0,0.0009414312714543241
328,2.0,12371,1.0,203,79,76.0,3.727,3.0,3,15.0,m,0.0,0.004792776238338042
329,2.0,4447,1.0,132,75,72.0,3.455,3.0,5,14.0,m,0.0,0.001722857968789045
330,2.0,3077,1.0,116,73,67.0,3.545,4.0,5,16.0,f,0.0,0.001192092190232492
331,3.0,1152,1.0,79,71,66.0,3.636,3.0,5,14.0,f,0.0,0.000446308158319087
332,2.0,2430,1.0,88,51,68.0,3.818,6.0,5,18.0,f,0.0,0.0009414312714543241
333,2.0,2430,1.0,88,72,65.0,4.0,3.0,5,14.0,f,0.0,0.0009414312714543241
334,2.0,1957,1.0,64,76,62.0,4.0,2.0,5,12.0,f,0.0,0.0007581814807556018
335,2.0,3343,1.0,127,23,64.0,3.636,5.0,5,16.0,f,0.0,0.0012951459837332532
336,2.0,2430,1.0,88,66,65.0,4.0,3.0,5,14.0,f,0.0,0.0009414312714543241
337,2.0,9503,1.0,180,73,65.5,2.818,4.0,5,16.0,m,0.0,0.0036816548858561488
338,3.0,1987,1.0,114,70,72.0,3.818,6.0,5,18.0,m,0.0,0.0007698040890451613
339,2.0,4485,1.0,136,53,69.0,3.455,3.0,5,13.0,m,0.0,0.0017375799392891538
340,2.0,8133,1.0,164,57,67.0,3.0,4.0,5,16.0,m,0.0,0.003150889107299596
341,2.0,15353,1.0,217,71,66.0,3.273,3.0,6,13.5,m,1.0,0.005948063502320263
342,1.0,17087,1.0,188,25,63.0,3.545,5.0,5,17.5,f,0.0,0.006619850261456805
343,2.0,11327,1.0,186,57,60.0,2.455,3.0,5,15.0,f,1.0,0.00438830946986137
344,2.0,3463,1.0,128,65,70.0,3.182,6.0,5,18.0,m,0.0,0.0013416364168914916
345,2.0,5605,1.0,140,55,74.0,3.455,4.0,5,16.0,m,0.0,0.002171490648766044
346,2.0,2903,1.0,112,62,70.0,3.818,6.0,5,18.0,f,0.0,0.0011246810621530464
347,3.0,799,1.0,56,57,62.0,3.727,3.0,5,14.0,f,0.0,0.00030954880077860286
348,2.0,2642,1.0,96,57,60.0,3.727,3.0,5,14.0,f,0.0,0.0010235643700338783
349,3.0,1919,1.0,108,53,71.0,4.0,3.0,5,13.0,m,0.0,0.0007434595102554929
350,2.0,2218,1.0,80,87,71.0,4.0,4.0,5,16.0,m,0.0,0.0008592981728747699
351,2.0,6801,1.0,152,56,64.0,3.818,3.0,5,14.5,f,0.0,0.0026348452992431513
352,2.0,9359,1.0,178,65,60.0,2.909,3.0,5,14.0,f,1.0,0.003625866366066263
353,1.0,29129,1.0,224,57,-999.0,-999.0,-999.0,2,-999.0,f,0.0,0.01128516522888601
354,2.0,6377,1.0,164,71,62.0,3.727,5.0,5,17.0,f,0.0,0.002470579102084043
355,2.0,6763,1.0,148,58,71.0,3.636,6.0,5,18.0,f,0.0,0.0026201233287430426
356,2.0,9587,1.0,194,61,63.0,3.909,3.0,6,12.0,f,1.0,0.003714198189066916
357,2.0,2604,1.0,92,54,69.0,3.727,4.0,5,16.0,f,0.0,0.0010088423995337696
358,2.0,4061,1.0,120,63,64.0,3.727,3.0,5,13.0,f,0.0,0.0015733137421300454
359,1.0,14211,1.0,156,71,67.25,4.0,3.0,5,14.0,m,0.0,0.005505629546764362
360,,0,2.0,0,81,64.0,4.0,4.0,5,16.0,f,0.0,0.0
361,2.0,4061,1.0,120,67,66.0,3.455,3.0,5,14.0,f,0.0,0.0015733137421300454
362,3.0,1359,1.0,92,70,69.0,3.818,6.0,5,18.0,f,0.0,0.0005265041555170479
363,2.0,2006,1.0,72,64,64.0,4.0,3.0,5,14.0,f,0.0,0.0007771650742952157
364,2.0,3800,1.0,104,74,72.0,4.0,3.0,5,14.0,m,0.0,0.0014721970500108771
365,2.0,5961,1.0,150,63,61.0,3.909,3.0,5,15.0,f,0.0,0.002309412267135484
366,2.0,6347,1.0,162,69,-999.0,3.636,2.0,5,12.0,f,0.0,0.0024589564937944836
367,3.0,674,1.0,60,70,63.0,4.0,6.0,5,18.0,f,0.0,0.0002611212662387714
368,2.0,4447,1.0,132,69,69.0,3.818,3.0,5,14.0,m,0.0,0.001722857968789045
369,2.0,2691,1.0,104,67,64.0,3.545,3.0,5,14.0,f,0.0,0.0010425479635734923
370,2.0,4199,1.0,156,61,62.0,3.636,5.0,5,16.0,f,1.0,0.0016267777402620193
371,2.0,5007,1.0,148,60,70.0,3.182,4.0,5,16.0,f,0.0,0.00193981332352749
372,2.0,6801,1.0,152,69,72.0,3.727,7.0,5,21.0,m,0.0,0.0026348452992431513
373,2.0,4988,1.0,114,64,72.0,4.0,6.0,5,18.0,m,0.0,0.0019324523382774357
374,2.0,1957,1.0,64,67,67.0,4.0,7.0,5,21.0,m,0.0,0.0007581814807556018
375,3.0,587,1.0,48,61,63.0,4.0,4.0,5,16.0,f,0.0,0.00022741570219904865
376,2.0,3800,1.0,104,75,72.0,3.636,6.0,5,18.0,m,0.0,0.0014721970500108771
377,2.0,6975,1.0,156,29,66.0,3.545,6.0,2,18.0,f,0.0,0.002702256427322597
378,2.0,3251,1.0,120,54,65.0,4.0,5.0,5,17.0,f,0.0,0.0012595033183119373
379,2.0,11243,1.0,197,24,71.0,3.364,5.0,6,16.5,m,0.0,0.0043557661666506035
380,2.0,8345,1.0,172,37,73.0,4.0,2.0,2,12.0,m,0.0,0.00323302220587915
381,2.0,8731,1.0,156,49,65.0,4.0,6.0,2,18.0,f,0.0,0.00338256643253815
382,2.0,4061,1.0,120,51,66.0,3.545,4.0,5,16.0,f,0.0,0.0015733137421300454
383,2.0,3077,1.0,116,60,63.0,3.909,6.0,5,18.0,f,0.0,0.001192092190232492
384,2.0,2604,1.0,92,80,67.0,3.909,6.0,5,18.0,m,0.0,0.0010088423995337696
385,2.0,1957,1.0,64,75,69.0,3.636,4.0,5,16.0,m,0.0,0.0007581814807556018
386,2.0,4447,1.0,132,71,70.0,3.545,7.0,5,21.0,m,0.0,0.001722857968789045
387,2.0,5643,1.0,144,65,76.0,3.545,5.0,5,17.0,m,0.0,0.0021862126192661526
388,2.0,8307,1.0,168,55,66.0,-999.0,6.0,2,18.0,f,0.0,0.0032183002353790412
389,1.0,14173,1.0,152,54,63.75,3.818,4.0,5,16.0,f,0.0,0.005490907576264253
390,2.0,8171,1.0,168,21,70.0,3.545,3.0,5,14.5,f,0.0,0.0031656110777997046
391,2.0,10661,1.0,188,21,72.0,4.0,2.0,1,12.0,m,0.0,0.0041302875658331475
392,2.0,7149,1.0,160,21,71.0,3.455,3.0,1,15.0,m,0.0,0.0027696675554020425
393,2.0,8277,1.0,166,23,71.0,3.182,3.0,1,15.0,m,0.0,0.0032066776270894817
394,2.0,5276,1.0,118,59,64.0,4.0,4.0,5,16.0,f,0.0,0.0020440293778572075
395,2.0,10805,1.0,190,25,69.0,3.0,3.0,1,15.0,m,0.0,0.004186076085623033
396,2.0,9117,1.0,168,66,67.0,2.727,6.0,5,18.0,f,0.0,0.0035321106591971493
397,1.0,17087,1.0,188,65,69.0,2.091,6.0,6,18.0,m,0.0,0.006619850261456805
398,2.0,3115,1.0,120,81,65.0,3.545,3.0,5,15.0,f,0.0,0.0012068141607326007
399,2.0,3115,1.0,120,65,72.0,3.545,5.0,5,16.0,m,0.0,0.0012068141607326007
400,2.0,4311,1.0,132,73,64.0,4.0,3.0,4,12.0,f,0.0,0.0016701688112097082
401,2.0,2430,1.0,88,67,71.0,4.0,7.0,5,21.0,m,0.0,0.0009414312714543241
402,3.0,1832,1.0,96,68,67.0,4.0,4.0,5,16.0,f,0.0,0.0007097539462157703
403,2.0,6309,1.0,158,63,63.0,4.0,6.0,5,18.0,f,1.0,0.002444234523294375
404,2.0,3781,1.0,134,33,62.0,4.0,6.0,2,18.0,f,0.0,0.0014648360647608227
405,2.0,5605,1.0,140,43,66.0,3.182,3.0,5,15.0,f,0.0,0.002171490648766044
406,2.0,3077,1.0,116,83,62.0,4.0,3.0,5,12.0,f,0.0,0.001192092190232492
407,2.0,5817,1.0,148,61,-999.0,3.636,6.0,5,18.0,f,0.0,0.002253623747345598
408,3.0,1707,1.0,100,81,66.0,3.364,4.0,5,16.0,m,0.0,0.0006613264116759388
409,2.0,2218,1.0,80,74,74.0,3.909,4.0,5,16.0,m,0.0,0.0008592981728747699
410,2.0,7679,1.0,174,71,70.5,3.273,5.0,5,17.0,m,0.0,0.0029750003018509277
411,2.0,6589,1.0,144,47,60.0,3.909,6.0,5,18.0,f,0.0,0.0025527122006635972
412,2.0,2604,1.0,92,51,72.0,4.0,4.0,5,16.0,f,0.0,0.0010088423995337696
413,2.0,2112,1.0,82,63,67.0,3.636,6.0,5,18.0,f,0.0,0.0008182316235849928
414,2.0,8519,1.0,176,41,73.0,3.545,3.0,5,12.0,m,0.0,0.0033004333339585953
415,3.0,1060,1.0,72,51,65.0,4.0,6.0,5,18.0,f,0.0,0.000410665492897771
416,2.0,3849,1.0,112,40,65.0,3.636,4.0,5,16.0,f,0.0,0.001491180643550491
417,3.0,1919,1.0,108,57,65.0,4.0,4.0,5,16.0,f,0.0,0.0007434595102554929
418,3.0,1919,1.0,108,40,64.0,3.909,4.0,5,16.0,f,0.0,0.0007434595102554929
419,2.0,10275,1.0,176,45,66.0,4.0,7.0,4,21.0,f,0.0,0.003980743339174148
420,2.0,6975,1.0,156,49,64.0,3.545,2.0,5,12.0,f,0.0,0.002702256427322597
421,2.0,3974,1.0,108,83,69.0,4.0,6.0,5,18.0,m,0.0,0.0015396081780903227
422,1.0,13961,1.0,144,77,64.5,4.0,3.0,5,14.0,f,0.0,0.005408774477684699
423,2.0,2218,1.0,80,50,75.0,3.818,4.0,5,16.0,m,0.0,0.0008592981728747699
424,2.0,4061,1.0,120,60,67.0,3.364,3.0,5,14.0,f,0.0,0.0015733137421300454
425,2.0,5132,1.0,116,52,69.0,4.0,6.0,5,18.0,m,0.0,0.0019882408580673217
426,3.0,799,1.0,56,71,64.0,3.636,3.0,5,14.0,f,0.0,0.00030954880077860286
427,2.0,5045,1.0,124,37,66.0,3.364,4.0,5,16.0,f,0.0,0.001954535294027599
428,3.0,1745,1.0,104,54,65.0,3.818,6.0,5,18.0,f,0.0,0.0006760483821760476
429,2.0,5431,1.0,136,49,64.0,3.818,7.0,5,21.0,f,0.0,0.0021040795206865985
430,2.0,4379,1.0,126,74,69.0,3.364,4.0,5,16.0,m,0.0,0.0016965133899993767
431,2.0,3289,1.0,124,33,70.0,3.636,7.0,5,21.0,m,0.0,0.001274225288812046
432,,0,2.0,0,81,64.0,4.0,4.0,5,16.0,f,0.0,0.0
433,2.0,6975,1.0,156,81,63.0,3.364,2.0,5,12.0,f,0.0,0.002702256427322597
434,2.0,11259,1.0,180,84,66.0,2.727,4.0,5,16.0,m,0.0,0.004361964891071702
435,2.0,2816,1.0,100,60,62.0,3.182,6.0,5,18.0,f,0.0,0.0010909754981133237
436,3.0,1533,1.0,96,71,64.0,4.0,6.0,5,18.0,f,0.0,0.0005939152835964934
437,2.0,3849,1.0,112,46,65.0,3.545,3.0,5,14.0,f,0.0,0.001491180643550491
438,2.0,6116,1.0,120,25,68.0,4.0,4.0,5,16.0,f,0.0,0.002369462409964875
439,2.0,2691,1.0,104,50,64.0,3.818,4.0,5,16.0,f,0.0,0.0010425479635734923
440,2.0,4061,1.0,120,41,62.0,3.818,4.0,5,16.0,f,0.0,0.0015733137421300454
441,2.0,3675,1.0,136,71,70.0,3.909,3.0,5,15.0,m,0.0,0.0014237695154710457
442,2.0,6116,1.0,120,26,72.0,3.364,6.0,5,18.0,m,0.0,0.002369462409964875
443,2.0,4061,1.0,120,50,61.0,3.727,4.0,5,16.0,f,0.0,0.0015733137421300454
444,3.0,799,1.0,56,53,71.0,3.727,4.0,5,16.0,m,0.0,0.00030954880077860286
445,2.0,6116,1.0,120,38,60.0,4.0,4.0,5,16.0,f,0.0,0.002369462409964875
446,2.0,9185,1.0,174,29,62.0,3.455,3.0,5,13.0,f,0.0,0.0035584552379868176
447,2.0,3289,1.0,124,55,66.0,4.0,3.0,5,13.0,f,0.0,0.001274225288812046
448,2.0,8133,1.0,164,86,73.0,4.0,5.0,5,17.0,m,0.0,0.003150889107299596
449,2.0,5083,1.0,144,57,64.0,3.0,3.0,5,14.0,f,0.0,0.0019692572645277078
450,2.0,2604,1.0,92,51,68.0,3.636,6.0,5,18.0,f,0.0,0.0010088423995337696
451,2.0,5461,1.0,138,46,68.0,3.636,3.0,5,14.0,m,0.0,0.002115702128976158
452,2.0,4988,1.0,114,48,70.0,3.545,3.0,5,15.0,m,0.0,0.0019324523382774357
453,2.0,8345,1.0,172,84,70.0,4.0,3.0,4,15.0,f,0.0,0.00323302220587915
454,2.0,5287,1.0,134,21,75.0,3.455,3.0,5,14.0,m,0.0,0.0020482910008967127
455,2.0,6203,1.0,160,53,67.0,3.727,7.0,5,21.0,f,0.0,0.002403167974004598
456,2.0,6116,1.0,120,48,72.0,4.0,6.0,5,18.0,m,0.0,0.002369462409964875
457,2.0,20417,1.0,230,29,61.0,3.182,1.0,3,11.0,f,1.0,0.007909959781597916
458,2.0,6415,1.0,140,48,64.0,3.909,3.0,5,14.0,f,0.0,0.002485301072584152
459,2.0,4273,1.0,128,53,69.0,3.727,6.0,5,18.0,m,0.0,0.0016554468407095995
460,3.0,2093,1.0,112,54,66.0,3.818,7.0,5,21.0,m,0.0,0.0008108706383349384
461,2.0,5431,1.0,136,23,63.0,3.273,5.0,5,17.0,f,0.0,0.0021040795206865985
462,2.0,7747,1.0,152,26,77.0,3.636,4.0,5,16.0,m,0.0,0.0030013448806405964
463,2.0,5817,1.0,148,25,66.0,3.545,7.0,5,21.0,f,0.0,0.002253623747345598
