original_index,msu,suda,fK,fM,AGE,LANGUAGE,INCOME,RACE_1,MARITAL_STATUS,EDUCATION,EMPLOYMENT,LGBT_IDENTITY,ETHNICITY_1,GENDER,WORK_NIH_CAMPUS,dis-suda
0,3.0,1133520,1.0,634,25,english,9,2,1,3,2,0,0,2,0,0.0006174589635813289
1,3.0,349440,1.0,289,33,English,9,5,2,3,4,0,0,2,-999,0.00019034940736278104
2,,0,2.0,0,28,English,6,6,1,3,0,0,1,2,0,0.0
3,3.0,323400,1.0,255,75,English,6,5,2,4,3,0,0,1,0,0.00017616471594872763
4,3.0,539520,1.0,353,23,English,5,2,1,4,2,0,0,2,-999,0.00029389111796121687
5,5.0,3960,1.0,18,21,English,4,5,1,3,0,0,0,2,1,2.1571189708007465e-06
6,2.0,6269880,1.0,1142,33,English,-999,4,-999,2,4,0,-999,2,0,0.003415373003192976
7,2.0,2803440,1.0,617,49,English,6,4,2,3,1,0,0,2,-999,0.0015271094968438497
8,3.0,644760,1.0,416,55,English,7,5,2,4,0,2,0,1,0,0.0003512181887912852
9,,0,2.0,0,24,English,5,5,1,3,0,0,0,2,0,0.0
10,,0,2.0,0,38,English,6,5,1,4,0,0,0,2,-999,0.0
11,2.0,1089000,1.0,343,47,English,7,5,1,4,0,-999,0,2,0,0.0005932077169702053
12,2.0,4330800,1.0,832,63,Russian,8,5,1,4,0,0,0,2,1,0.0023591037471575437
13,2.0,3167400,1.0,842,21,English,5,2,1,3,0,-999,-999,1,-999,0.0017253683404329003
14,4.0,155160,1.0,252,30,English,8,5,2,3,0,0,0,1,1,8.451984331046562e-05
15,2.0,4612080,1.0,754,30,Turkish,7,5,1,4,0,0,0,1,1,0.002512324561325936
16,2.0,1256400,1.0,426,54,English,9,4,3,4,0,0,0,2,0,0.0006843950189176914
17,2.0,3293520,1.0,876,49,English,5,6,2,3,0,-999,1,2,0,0.001794069311290827
18,,0,3.0,0,22,English,6,5,1,3,0,0,0,1,0,0.0
19,5.0,4080,1.0,19,27,English,6,5,2,4,0,0,0,2,-999,2.222486212340163e-06
20,,0,2.0,0,25,English,6,5,1,3,0,0,0,1,0,0.0
21,3.0,704280,1.0,506,37,Spanish,8,5,2,3,0,0,1,2,0,0.00038364034059483584
22,3.0,339120,1.0,295,33,ENGLISH,6,4,1,4,0,0,0,2,-999,0.0001847278245903912
23,3.0,294960,1.0,319,29,English,5,5,1,4,2,0,1,2,-999,0.00016067267970388592
24,2.0,1300680,1.0,403,72,English,8,5,2,3,3,0,0,1,0,0.0007085155310457362
25,3.0,118680,1.0,115,35,English,8,5,2,4,0,0,0,1,0,6.464820188248299e-05
26,2.0,982800,1.0,256,72,English,7,5,2,4,0,0,0,1,0,0.0005353577082078217
27,4.0,27600,1.0,68,35,English,8,5,1,4,0,1,0,1,0,1.503446555406581e-05
28,3.0,984360,1.0,597,24,Spanish,5,5,1,3,2,0,1,2,-999,0.0005362074823478341
29,3.0,212520,1.0,175,20,English,5,4,1,1,2,0,0,2,-999,0.00011576538476630673
30,4.0,24480,1.0,57,23,English,5,4,1,3,0,0,0,2,-999,1.333491727404098e-05
31,3.0,202440,1.0,157,29,English,6,5,1,4,0,2,0,2,0,0.00011027453647699574
32,3.0,128520,1.0,131,52,English,8,5,2,4,0,0,0,1,0,7.000831568871514e-05
33,4.0,25200,1.0,58,58,English,9,5,2,4,0,0,0,2,0,1.3727120723277479e-05
34,3.0,121320,1.0,127,24,English,5,5,1,3,0,0,0,1,1,6.608628119635014e-05
35,3.0,853680,1.0,489,43,english,8,5,2,3,1,0,0,2,0,0.0004650225563114094
36,3.0,159360,1.0,185,27,English,8,5,2,4,0,0,0,1,-999,8.680769676434519e-05
37,3.0,612960,1.0,380,21,English ,4,4,1,3,0,0,0,1,-999,0.0003338958697833398
38,2.0,1030920,1.0,332,34,English,8,5,1,4,0,1,0,1,-999,0.0005615699720651277
39,3.0,791640,1.0,603,30,English,7,2,2,3,2,0,0,2,1,0.00043122769243553107
40,2.0,2347680,1.0,665,62,english,6,5,3,3,1,0,0,1,0,0.0012788447134771458
41,1.0,10258440,1.0,876,-999,engliash,6,5,3,4,3,0,0,2,0,0.005588049377480104
42,2.0,1910640,1.0,512,73,english,7,5,2,3,3,0,0,2,0,0.0010407772197905906
43,4.0,62760,1.0,133,35,English,8,5,1,3,0,0,0,2,0,3.418706732511486e-05
44,5.0,1680,1.0,9,37,English,8,5,2,4,0,0,0,2,-999,9.151413815518319e-07
45,2.0,1548960,1.0,540,55,English,8,5,4,4,0,2,0,2,0,0.000843760353790789
46,2.0,6751200,1.0,1140,34,Portuguese,5,5,2,4,1,0,2,2,1,0.003677561009007576
47,2.0,1015080,1.0,317,24,English,10,5,1,3,2,0,0,2,0,0.0005529414961819247
48,2.0,1602120,1.0,612,69,English,6,2,1,4,3,0,0,2,0,0.0008727180417927506
49,,0,2.0,0,47,English,9,5,2,4,0,0,0,2,0,0.0
50,2.0,1922400,1.0,767,29,Portuguese,6,5,2,4,2,0,1,2,-999,0.0010471832094614533
51,3.0,1074000,1.0,576,30,English,5,5,1,4,1,1,0,2,-999,0.0005850368117777783
52,2.0,3835680,1.0,821,52,English,3,5,1,3,2,0,0,1,1,0.002089398508565911
53,3.0,636240,1.0,406,22,English,4,5,1,3,0,1,0,1,1,0.00034657711464198664
54,4.0,25200,1.0,58,31,English,9,5,1,4,0,0,0,2,-999,1.3727120723277479e-05
55,3.0,648720,1.0,403,18,English,1,6,1,1,2,2,0,2,0,0.00035337530776208595
56,2.0,1866840,1.0,457,31,English,1,5,1,3,4,0,0,2,0,0.0010169181766287035
57,3.0,118680,1.0,115,63,English,10,5,2,4,3,0,0,1,-999,6.464820188248299e-05
58,2.0,2285640,1.0,770,35,-999,1,4,1,3,1,0,0,2,-999,0.0012450498496012674
59,2.0,2349240,1.0,861,60,english,1,5,1,3,1,-999,0,1,0,0.001279694487617158
60,4.0,52560,1.0,119,39,English,10,5,2,4,0,0,0,1,0,2.8630851794264455e-05
61,,0,2.0,0,67,English,10,5,2,4,3,0,0,1,0,0.0
62,3.0,330000,1.0,259,23,English,4,7,1,3,0,0,1,1,-999,0.00017975991423339554
63,2.0,2122080,1.0,744,-999,English,7,2,2,3,0,1,0,2,0,0.0011559542993830425
64,2.0,3171720,1.0,741,51,English,6,4,2,3,0,2,0,2,0,0.0017277215611283191
65,3.0,128520,1.0,131,69,English,8,5,2,4,3,0,0,1,0,7.000831568871514e-05
66,4.0,39120,1.0,93,30,English,7,5,2,3,2,0,0,1,0,2.13097207418498e-05
67,3.0,555000,1.0,349,48,English,8,5,2,3,0,0,0,1,0,0.00030232349211980163
68,2.0,6173760,1.0,1228,51,English,2,6,3,1,1,3,1,1,-999,0.0033630138427199036
69,2.0,1956480,1.0,666,19,Spanish,10,5,1,1,2,0,1,2,-999,0.0010657475060586476
70,2.0,1258440,1.0,428,39,English,10,5,1,4,0,1,0,1,-999,0.0006855062620238615
71,4.0,42240,1.0,78,23,English,7,5,1,3,0,0,0,2,-999,2.300926902187463e-05
72,2.0,1081440,1.0,336,22,English,6,5,2,3,1,0,0,2,-999,0.0005890895807532221
73,2.0,1137240,1.0,415,59,English,5,5,1,4,0,0,0,1,0,0.0006194853480690508
74,2.0,1950480,1.0,472,54,English,8,5,2,3,0,0,0,1,0,0.001062479143981677
75,2.0,3593760,1.0,728,62,Russian,8,5,2,4,0,0,0,1,0,0.001957618149622447
76,3.0,107520,1.0,93,25,English,7,5,1,3,0,0,0,2,-999,5.856904841931724e-05
77,3.0,678840,1.0,461,29,English,9,5,1,4,2,2,0,2,0,0.0003697824853884795
78,3.0,134400,1.0,155,22,English ,4,4,1,3,0,0,0,2,-999,7.321131052414656e-05
79,3.0,284520,1.0,298,18,English,9,5,1,1,2,0,0,2,0,0.00015498572968995669
80,3.0,114360,1.0,120,56,English,10,5,2,3,0,0,0,2,0,6.229498118706398e-05
81,4.0,48840,1.0,108,30,English,7,5,2,4,0,0,1,2,0,2.660446730654254e-05
82,2.0,1568400,1.0,631,68,English,4,5,3,2,3,0,0,2,0,0.0008543498469201745
83,2.0,2218200,1.0,618,31,English,3,4,1,2,1,0,0,2,0,0.0012083134598561151
84,2.0,3254520,1.0,780,66,ENGLISH,10,2,2,3,0,0,0,2,0,0.0017728249577905167
85,3.0,328200,1.0,275,32,English,7,5,1,3,0,1,0,1,-999,0.0001787794056103043
86,3.0,173640,1.0,218,26,English,6,5,1,3,0,1,0,1,0,9.458639850753577e-05
87,4.0,98400,1.0,186,45,English,7,5,1,4,0,0,0,2,-999,5.360113806232158e-05
88,2.0,4443000,1.0,836,55,English,7,5,6,4,1,0,0,2,-999,0.0024202221179968984
89,,0,2.0,0,34,English,8,5,2,4,0,0,0,1,0,0.0
90,4.0,30000,1.0,78,23,English,1,4,1,3,2,0,0,2,0,1.634181038485414e-05
91,2.0,2093520,1.0,784,54,Spanish,6,6,1,4,0,0,1,2,-999,0.0011403968958966614
92,2.0,1966440,1.0,514,56,English,6,2,2,3,3,0,0,1,0,0.0010711729871064192
93,2.0,1258680,1.0,430,46,English,7,5,2,4,0,0,0,2,-999,0.0006856369965069403
94,5.0,2760,1.0,13,23,English,5,5,1,3,0,0,0,2,-999,1.503446555406581e-06
95,2.0,1217280,1.0,446,75,English,6,5,5,4,3,0,0,2,0,0.0006630852981758417
96,3.0,202440,1.0,157,52,English,10,5,2,4,0,0,0,1,0,0.00011027453647699574
97,3.0,342600,1.0,309,22,English,1,6,1,3,2,0,0,2,0,0.0001866234745950343
98,2.0,2733360,1.0,582,76,English,7,5,2,3,3,0,0,1,0,0.0014889350277848305
99,2.0,2192400,1.0,724,60,english,6,5,1,3,0,0,-999,2,0,0.0011942595029251406
100,1.0,9858240,1.0,638,81,English,8,5,2,3,3,0,0,1,0,0.0053700496269461495
101,3.0,330000,1.0,259,62,English,10,5,2,3,3,0,0,1,0,0.00017975991423339554
102,,0,2.0,0,22,English,4,5,1,3,0,0,0,2,0,0.0
103,2.0,1502280,1.0,532,57,english,8,5,2,3,3,0,0,2,0,0.000818332496831956
104,2.0,1456800,1.0,489,30,English ,7,4,1,4,0,0,0,2,0,0.0007935583122885171
105,3.0,375000,1.0,263,34,English,9,5,2,4,0,0,0,2,1,0.00020427262981067675
106,2.0,2516640,1.0,791,56,English,3,5,3,1,4,0,0,1,-999,0.0013708817895646441
107,2.0,1261920,1.0,447,20,English,6,5,1,1,2,0,1,2,-999,0.0006874019120285046
108,2.0,2936160,1.0,695,38,ENGLISH,4,6,1,1,0,0,0,2,-999,0.0015994056659864445
109,,0,2.0,0,32,English,9,5,2,4,0,1,0,1,-999,0.0
110,3.0,651120,1.0,397,60,English,10,5,2,4,3,0,0,1,0,0.00035468265259287426
111,3.0,233520,1.0,213,42,English,8,5,2,4,1,0,0,2,0,0.00012720465203570463
112,2.0,1108560,1.0,374,47,English,10,5,1,4,4,0,0,2,0,0.0006038625773411302
113,3.0,123600,1.0,136,29,English,9,5,2,3,0,0,0,1,-999,6.732825878559906e-05
114,3.0,233640,1.0,214,36,English,7,5,2,4,1,0,0,1,0,0.00012727001927724405
115,3.0,464880,1.0,305,36,English,4,5,1,4,1,0,0,2,0,0.0002532326937236998
116,3.0,318960,1.0,285,34,English,6,5,1,4,0,0,1,2,-999,0.00017374612801176922
117,4.0,44760,1.0,89,24,English,1,5,1,3,2,0,0,2,-999,2.438198109420238e-05
118,3.0,107520,1.0,93,40,English,10,5,2,4,1,0,0,2,0,5.856904841931724e-05
119,2.0,1396440,1.0,551,49,English,7,5,2,2,0,0,-999,2,0,0.0007606785897941906
120,,0,2.0,0,22,English,4,5,1,3,0,0,0,2,0,0.0
121,3.0,319560,1.0,264,44,English,8,5,1,4,1,0,0,2,0,0.0001740729642194663
122,4.0,57720,1.0,116,49,English,8,5,2,4,1,0,0,2,0,3.1441643180459365e-05
123,3.0,118680,1.0,115,28,English,7,5,2,3,0,0,0,2,-999,6.464820188248299e-05
124,2.0,1729440,1.0,630,56,English ,9,4,2,4,0,0,0,2,0,0.0009420726850660715
125,3.0,921000,1.0,724,36,Spanish,6,5,2,4,4,0,1,2,-999,0.0005016935788150222
126,3.0,255000,1.0,250,37,English,8,2,1,4,0,0,0,1,-999,0.0001389053882712602
127,2.0,1029840,1.0,328,38,English,7,5,1,4,0,0,0,2,0,0.000560981666891273
128,2.0,1725480,1.0,556,52,English,1,4,1,1,4,0,0,2,0,0.0009399155660952707
129,3.0,393000,1.0,286,21,English,3,2,1,3,0,0,0,2,-999,0.00021407771604158924
130,3.0,426720,1.0,328,29,English,4,5,1,3,2,0,0,2,1,0.0002324459109141653
131,2.0,7838160,1.0,1178,45,Spanish ,10,6,2,4,0,-999,2,2,0,0.004269657482871611
132,3.0,193440,1.0,230,26,English,1,5,1,3,2,0,0,1,-999,0.0001053719933615395
133,4.0,73560,1.0,157,27,English,5,5,1,4,2,0,0,2,-999,4.007011906366235e-05
134,2.0,3363480,1.0,793,43,Spanish,10,2,2,4,0,0,0,1,0,0.001832178413108307
135,,0,2.0,0,28,English,6,5,1,4,0,0,0,2,0,0.0
136,3.0,128520,1.0,131,30,english,9,5,2,4,0,0,0,2,0,7.000831568871514e-05
137,,0,2.0,0,31,English,9,5,2,4,0,0,0,2,-999,0.0
138,3.0,336840,1.0,307,35,English,1,5,1,3,1,0,0,1,-999,0.0001834858470011423
139,3.0,888840,1.0,538,29,English ,5,4,1,4,0,0,0,1,0,0.0004841751580824585
140,,0,2.0,0,26,English,6,5,1,4,0,0,0,2,-999,0.0
141,,0,2.0,0,23,English,4,5,1,3,0,0,0,1,-999,0.0
142,2.0,4101120,1.0,908,46,English,4,5,1,2,1,0,0,1,1,0.0022339908468511005
143,4.0,49800,1.0,85,23,English ,4,5,1,3,0,0,0,2,-999,2.7127405238857874e-05
144,1.0,9869400,1.0,660,34,BULGARIAN,9,5,2,4,0,0,0,2,-999,0.005376128780409315
145,,0,2.0,0,58,English,9,5,2,3,0,0,0,1,0,0.0
146,2.0,1161480,1.0,362,55,English,9,5,2,4,0,1,0,1,0,0.0006326895308600129
147,2.0,2961360,1.0,722,38,English,10,-999,2,4,0,0,0,2,0,0.001613132786709722
148,3.0,270480,1.0,267,45,English ,8,5,1,4,0,0,0,2,0,0.00014733776242984494
149,2.0,1839480,1.0,764,30,English,8,2,2,4,0,1,-999,1,-999,0.0010020144455577164
150,3.0,311760,1.0,337,26,English,1,5,1,4,1,0,0,2,0,0.00016982409351940422
151,3.0,276960,1.0,291,26,English,7,5,1,4,2,0,0,1,0,0.00015086759347297343
152,2.0,2888040,1.0,833,35,english,5,5,1,3,1,3,0,1,0,0.0015731934021291384
153,,0,2.0,0,22,English,1,5,1,3,2,0,0,2,-999,0.0
154,3.0,509160,1.0,364,55,English,9,5,3,4,0,0,0,1,-999,0.0002773532058517445
155,5.0,7800,1.0,35,23,English,4,5,1,3,0,2,0,2,-999,4.248870700062077e-06
156,2.0,1910040,1.0,756,20,English,2,6,1,1,2,0,1,1,0,0.0010404503835828934
157,2.0,5195760,1.0,745,26,Spanish ,6,5,1,3,0,0,1,2,0,0.0028302708241736583
158,2.0,1462320,1.0,627,27,English,4,4,2,2,0,0,0,2,-999,0.0007965652053993303
159,3.0,861840,1.0,496,54,English,10,6,2,4,0,0,0,2,-999,0.0004694675287360898
160,2.0,2098800,1.0,523,42,English,8,4,1,3,0,0,0,2,1,0.0011432730545243956
161,,0,2.0,0,23,English,4,2,1,3,0,0,0,2,-999,0.0
162,3.0,118680,1.0,115,22,English,4,4,1,3,0,0,0,2,1,6.464820188248299e-05
163,2.0,1517520,1.0,624,47,English,8,5,1,4,0,0,-999,1,-999,0.0008266341365074618
164,3.0,289800,1.0,214,53,English,8,4,2,4,0,0,0,2,0,0.000157861888317691
165,5.0,1440,1.0,7,21,English,4,2,1,3,0,0,0,2,-999,7.844068984729988e-07
166,,0,2.0,0,23,English,4,5,1,3,0,0,0,2,1,0.0
167,,0,7.0,0,23,English,4,5,1,3,0,0,0,2,-999,0.0
168,3.0,510000,1.0,366,48,English,9,5,1,4,0,0,0,2,0,0.0002778107765425204
169,3.0,1380000,1.0,724,42,English ,10,5,2,3,1,0,1,2,0,0.0007517232777032905
170,2.0,1341960,1.0,452,59,English,7,5,2,4,3,0,0,1,0,0.0007310018621352954
171,1.0,10363920,1.0,901,57,SPANISH,9,5,2,4,1,0,1,2,0,0.005645507182793251
172,3.0,734160,1.0,398,47,English,8,4,2,4,1,0,0,2,0,0.00039991678373815055
173,5.0,1440,1.0,7,22,English,6,5,1,3,0,0,0,2,0,7.844068984729988e-07
174,,0,2.0,0,23,English,4,2,1,3,0,0,0,2,-999,0.0
175,2.0,991200,1.0,291,20,English,1,2,1,3,2,0,0,2,-999,0.0005399334151155808
176,3.0,652200,1.0,422,25,English,5,4,1,0,1,0,0,2,0,0.000355270957766729
177,2.0,1234560,1.0,452,51,English,4,5,3,4,0,0,0,2,0,0.0006724981809575176
178,,0,3.0,0,22,English,6,5,1,3,0,0,0,1,0,0.0
179,2.0,2097480,1.0,604,71,ENGLISH,6,5,3,4,3,0,0,1,0,0.0011425540148674621
180,,0,2.0,0,26,English,7,5,1,4,0,0,0,2,0,0.0
181,2.0,1252800,1.0,411,37,English,7,4,1,4,0,0,-999,2,0,0.000682434001671509
182,3.0,229560,1.0,216,23,English,1,2,1,3,4,0,0,2,0,0.0001250475330649039
183,3.0,639120,1.0,410,47,English,7,5,2,3,0,0,0,1,-999,0.0003481459284389326
184,2.0,1726560,1.0,642,49,English ,7,5,1,4,0,0,-999,2,0,0.0009405038712691255
185,,0,2.0,0,25,English,6,5,1,3,0,0,0,1,0,0.0
186,1.0,10247160,1.0,863,39,Malayalam,8,2,2,4,0,0,0,1,-999,0.005581904856775398
187,2.0,5421120,1.0,1141,60,English ,7,5,2,2,3,-999,2,2,-999,0.0029530305037846825
188,3.0,169200,1.0,201,37,English,8,2,2,4,0,0,0,2,0,9.216781057057736e-05
189,4.0,26280,1.0,62,23,English,5,5,1,3,2,0,0,2,-999,1.4315425897132227e-05
190,,0,6.0,0,22,English,4,5,1,3,0,0,0,2,1,0.0
191,,0,5.0,0,22,English,4,5,1,3,0,0,0,2,-999,0.0
192,4.0,32400,1.0,88,34,English,6,2,2,4,0,0,0,1,-999,1.7649155215642473e-05
193,3.0,287640,1.0,206,25,English,6,4,2,3,0,0,0,2,0,0.0001566852779699815
194,2.0,1192320,1.0,416,21,English,3,4,1,3,1,0,0,2,0,0.000649488911935643
195,,0,2.0,0,26,English,6,5,1,3,0,0,0,1,-999,0.0
196,2.0,1774560,1.0,675,46,English,8,5,5,3,0,1,0,2,0,0.0009666507678848922
197,2.0,2432520,1.0,883,33,English ,4,5,1,1,4,-999,0,2,0,0.001325059353245513
198,3.0,227400,1.0,213,24,English,1,5,1,3,2,0,0,1,0,0.0001238709227171944
199,3.0,220440,1.0,206,24,English,4,2,1,3,0,0,0,1,1,0.00012007962270790823
200,2.0,2194200,1.0,805,62,English,5,4,2,0,3,0,0,1,-999,0.001195240011548232
201,2.0,1175280,1.0,396,24,English,6,4,1,1,0,0,0,2,0,0.0006402067636370458
202,3.0,419520,1.0,345,34,English,8,5,1,4,0,-999,0,2,-999,0.00022852387642180032
203,2.0,4507560,1.0,1090,67,English,5,2,2,4,3,-999,2,1,0,0.0024553896939451046
204,2.0,1569720,1.0,555,23,English,5,6,1,3,-999,0,0,1,1,0.0008550688865771081
205,2.0,1161480,1.0,362,67,English,8,5,2,3,0,0,0,1,0,0.0006326895308600129
206,3.0,826080,1.0,508,21,English,10,4,1,0,2,0,0,2,0,0.0004499880907573436
207,3.0,1342680,1.0,744,36,English ,8,4,2,3,4,0,0,2,-999,0.000731394065584532
208,6.0,240,1.0,2,32,English,7,5,1,4,0,0,0,1,-999,1.3073448307883313e-07
209,3.0,241920,1.0,222,37,English,7,5,1,4,4,0,0,2,0,0.0001317803589434638
210,3.0,421800,1.0,333,58,English,10,5,2,3,1,0,0,2,0,0.00022976585401104924
211,2.0,1539120,1.0,646,24,english,4,5,1,3,0,-999,0,1,1,0.0008384002399845569
212,3.0,510840,1.0,394,32,English,7,5,2,4,0,2,0,2,1,0.00027826834723329634
213,3.0,153360,1.0,186,22,English,6,2,1,3,0,0,0,1,1,8.353933468737437e-05
214,2.0,1391040,1.0,531,46,English,8,5,3,3,0,0,0,1,-999,0.0007577370639249168
215,3.0,293040,1.0,287,43,English,10,5,2,3,0,0,0,2,0,0.00015962680383925526
216,4.0,49080,1.0,105,47,English,8,5,3,4,0,0,0,2,0,2.6735201789621376e-05
217,2.0,3469080,1.0,1050,42,Spanish,7,5,2,1,4,0,1,1,-999,0.0018897015856629935
218,3.0,425880,1.0,326,24,english,5,5,1,3,0,0,0,2,-999,0.0002319883402233894
219,2.0,2031960,1.0,740,62,English,7,5,2,3,1,0,-999,2,-999,0.0011068635009869408
220,5.0,6960,1.0,33,25,English,5,5,1,3,0,0,0,2,-999,3.7913000092861607e-06
221,3.0,430920,1.0,446,30,English,6,5,2,3,2,0,1,2,0,0.0002347337643680449
222,3.0,450480,1.0,400,30,English,5,5,2,3,0,0,1,1,0,0.0002453886247389698
223,2.0,3904440,1.0,966,36,English ,7,1,4,3,0,0,0,2,0,0.002126853937967997
224,,0,2.0,0,65,English,8,5,2,3,0,0,0,2,0,0.0
225,3.0,286200,1.0,199,62,English,9,5,2,3,3,0,0,1,0,0.0001559008710715085
226,2.0,1109640,1.0,378,70,English,9,5,2,4,3,0,0,1,-999,0.000604450882514985
227,3.0,587640,1.0,490,34,English,6,5,2,1,4,0,0,2,-999,0.0003201033818185229
228,4.0,52320,1.0,117,29,English,5,5,1,4,0,0,0,2,0,2.8500117311185622e-05
229,2.0,1871160,1.0,605,55,English,1,4,1,0,4,0,0,1,0,0.0010192713973241226
230,4.0,93360,1.0,185,24,English,6,5,1,3,0,1,1,1,-999,5.085571391766609e-05
231,4.0,23880,1.0,52,27,English,7,5,1,3,0,0,0,1,-999,1.3008081066343896e-05
232,4.0,71880,1.0,127,30,English,8,5,2,4,0,0,0,2,1,3.915497768211052e-05
233,2.0,1667520,1.0,628,53,English,6,4,2,0,0,0,0,1,-999,0.0009083431884317326
234,1.0,9858240,1.0,638,22,enlgish,4,5,1,3,0,0,0,1,-999,0.0053700496269461495
235,,0,2.0,0,63,English,10,5,2,4,3,0,0,1,0,0.0
236,3.0,495480,1.0,275,28,English,6,5,1,4,0,2,0,2,-999,0.000269901340316251
237,2.0,2983440,1.0,703,40,ENGLISH,6,4,1,2,0,0,0,2,-999,0.0016251603591529746
238,3.0,122280,1.0,130,23,English,7,5,1,3,2,0,0,2,-999,6.660921912866547e-05
239,2.0,995160,1.0,283,28,English,3,5,1,4,2,0,0,2,-999,0.0005420905340863815
240,4.0,34920,1.0,73,22,English,4,2,1,3,0,0,0,2,1,1.902186728797022e-05
241,1.0,10999800,1.0,940,33,German,9,5,1,0,0,0,0,2,0,0.0059918881957106195
242,2.0,2429160,1.0,846,47,english,5,4,1,2,0,0,0,1,-999,0.0013232290704824096
243,4.0,12600,1.0,29,25,English,6,4,1,3,0,0,0,2,0,6.863560361638739e-06
244,,0,2.0,0,23,English,4,4,1,3,0,0,0,2,1,0.0
245,2.0,1235400,1.0,388,64,English,6,5,2,4,3,0,0,1,0,0.0006729557516482936
246,2.0,1326360,1.0,484,71,English,10,5,5,4,3,0,0,1,0,0.0007225041207351713
247,,0,2.0,0,36,English,10,5,2,4,0,0,0,1,-999,0.0
248,,0,2.0,0,28,English,6,5,1,4,0,0,0,2,0,0.0
249,2.0,2239560,1.0,699,55,English,6,4,1,1,0,-999,0,2,-999,0.0012199488288501313
250,2.0,1609800,1.0,620,55,ENGLISH,8,4,2,3,0,0,0,2,-999,0.0008769015452512732
251,2.0,1285200,1.0,447,52,English,8,5,2,4,-999,0,0,2,-999,0.0007000831568871514
252,2.0,6703440,1.0,1133,47,English,-999,5,5,2,2,2,0,2,-999,0.003651544846874888
253,4.0,15240,1.0,41,37,English,7,5,2,4,0,0,0,2,0,8.301639675505904e-06
254,3.0,562560,1.0,377,35,English,10,4,2,4,0,0,0,2,-999,0.00030644162833678485
255,4.0,54600,1.0,105,32,English,6,4,1,3,0,0,0,2,0,2.9742094900434537e-05
256,2.0,1242480,1.0,417,47,English,9,6,2,4,0,0,1,2,0,0.0006768124188991191
257,3.0,968760,1.0,563,36,English,5,4,4,3,2,0,0,2,-999,0.0005277097409477099
258,2.0,1231680,1.0,480,43,English,7,4,2,4,1,0,0,2,-999,0.0006709293671605716
259,3.0,638040,1.0,390,42,English,10,5,2,4,1,0,0,2,-999,0.00034755762326507786
260,3.0,423120,1.0,339,25,English,5,2,1,3,2,0,0,2,1,0.0002304848936679828
261,2.0,4918080,1.0,817,53,FRENCH,8,5,2,4,0,0,0,2,-999,0.0026790110272514483
262,2.0,1236360,1.0,494,45,English,5,4,1,4,1,0,0,2,-999,0.0006734786895806089
263,2.0,3874680,1.0,821,66,English ,7,5,2,2,3,0,0,2,0,0.0021106428620662216
264,4.0,23760,1.0,51,29,English,9,5,2,4,0,0,0,1,0,1.294271382480448e-05
265,6.0,240,1.0,2,29,English,6,5,1,4,0,0,0,2,0,1.3073448307883313e-07
266,,0,6.0,0,22,English,4,5,1,3,0,0,0,2,1,0.0
267,3.0,1060320,1.0,553,30,english,7,5,3,4,0,0,1,2,0,0.0005775849462422847
268,3.0,615840,1.0,450,31,English ,6,5,1,3,0,0,0,1,-999,0.0003354646835802858
269,5.0,10440,1.0,47,33,English,7,5,1,4,0,0,0,1,0,5.6869500139292415e-06
270,2.0,1446480,1.0,551,26,English,10,2,1,3,2,-999,0,2,-999,0.0007879367295161272
271,3.0,943080,1.0,588,62,English,8,5,2,0,0,0,0,2,-999,0.0005137211512582748
272,2.0,1235400,1.0,388,61,English,10,5,2,4,0,0,0,2,0,0.0006729557516482936
273,2.0,1620120,1.0,635,22,English,2,2,1,3,4,0,0,1,-999,0.000882523128023663
274,2.0,2236920,1.0,647,31,English,5,2,1,1,0,0,1,2,-999,0.0012185107495362641
275,2.0,2674800,1.0,802,69,English,3,4,4,3,3,0,0,2,-999,0.0014570358139135951
276,2.0,1003800,1.0,294,29,English,10,5,2,3,0,0,0,2,0,0.0005467969754772196
277,2.0,1477080,1.0,500,68,English,8,5,2,3,1,0,0,1,0,0.0008046053761086785
278,3.0,341880,1.0,282,41,English,10,5,2,4,0,0,0,2,-999,0.0001862312711457978
279,4.0,12600,1.0,29,30,English,9,5,2,4,0,0,0,2,0,6.863560361638739e-06
280,3.0,107520,1.0,93,34,English,10,5,2,4,0,0,0,2,-999,5.856904841931724e-05
281,2.0,10761480,1.0,1290,66,Spanish,2,6,5,0,3,0,1,2,-999,0.005862068854013338
282,2.0,3097560,1.0,774,18,English,-999,5,1,1,2,3,0,2,-999,0.0016873246058569597
283,2.0,1785960,1.0,694,18,English,4,5,1,1,0,2,0,1,-999,0.0009728606558311368
284,2.0,2097240,1.0,520,50,English,9,5,1,4,0,0,0,2,-999,0.0011424232803843833
285,2.0,1409520,1.0,558,29,English,8,5,2,4,1,1,0,2,0,0.0007678036191219869
286,3.0,835920,1.0,545,26,English,5,4,1,1,1,0,0,1,0,0.0004553482045635758
287,3.0,717360,1.0,497,32,english,9,5,1,4,0,1,0,1,-999,0.00039076536992263224
288,4.0,12600,1.0,29,25,English,7,5,1,3,0,0,0,2,0,6.863560361638739e-06
289,3.0,202440,1.0,157,49,English,8,5,2,4,1,0,0,1,0,0.00011027453647699574
290,2.0,4494720,1.0,993,41,-999,4,4,3,1,0,0,0,2,-999,0.0024483953991003868
291,2.0,1289040,1.0,485,50,English,6,4,3,4,1,0,0,2,0,0.0007021749086164128
292,2.0,2749320,1.0,772,36,English,10,1,1,4,0,1,0,2,-999,0.001497628870909573
293,3.0,775200,1.0,506,32,English ,7,5,1,4,0,0,0,1,1,0.000422272380344631
294,3.0,910320,1.0,610,43,english,8,4,1,4,0,0,0,1,-999,0.0004958758943180141
295,4.0,100200,1.0,217,23,English,5,6,1,3,0,0,0,1,-999,5.458164668541283e-05
296,2.0,1414080,1.0,494,68,english,10,5,2,4,1,0,0,2,0,0.0007702875743004848
297,3.0,492240,1.0,427,27,English,2,4,1,3,2,0,0,2,0,0.00026813642479468677
298,3.0,346440,1.0,279,65,English,9,5,2,4,3,0,0,1,0,0.00018871522632429562
299,3.0,801480,1.0,481,68,English,7,5,3,4,3,0,0,1,0,0.00043658780624176324
300,3.0,692160,1.0,383,49,English,10,5,2,3,0,1,0,1,0,0.00037703824919935473
301,4.0,26280,1.0,62,63,English,10,5,2,4,0,0,0,1,-999,1.4315425897132227e-05
302,2.0,7756680,1.0,1185,71,FRENCH,4,6,5,1,3,0,0,2,-999,0.004225273125866348
303,3.0,794760,1.0,577,27,English,1,5,1,3,2,-999,0,1,-999,0.0004329272407155559
304,2.0,4361760,1.0,993,21,Spanish,4,5,1,3,0,3,1,2,1,0.0023759684954747133
305,2.0,1838280,1.0,764,30,English,9,6,2,3,0,1,1,1,-999,0.0010013607731423223
306,2.0,988080,1.0,280,35,English,9,5,1,4,0,0,0,1,0,0.000538233866835556
307,2.0,1211880,1.0,447,58,English,7,5,3,3,0,-999,0,2,0,0.0006601437723065678
308,2.0,1306080,1.0,484,23,English,4,7,1,3,0,0,1,2,1,0.0007114570569150099
309,4.0,77040,1.0,150,33,English,6,5,2,4,4,0,0,1,0,4.1965769068305434e-05
310,4.0,17400,1.0,49,32,English,10,5,2,4,0,0,0,2,0,9.478250023215401e-06
311,3.0,465120,1.0,410,24,English,1,6,1,3,2,0,1,2,-999,0.0002533634282067786
312,2.0,2164920,1.0,627,73,English,3,5,3,3,3,0,0,1,0,0.0011792904046126142
313,2.0,2036760,1.0,525,64,english,9,5,2,4,1,0,0,2,0,0.0011094781906485173
314,4.0,23760,1.0,51,28,English,5,5,1,3,0,0,0,2,0,1.294271382480448e-05
315,3.0,144240,1.0,171,37,English,10,5,2,4,0,1,0,1,-999,7.857142433037871e-05
316,3.0,153600,1.0,188,36,English,7,5,1,4,0,2,0,2,-999,8.367006917045321e-05
317,2.0,1956720,1.0,708,27,English,1,4,1,3,4,3,0,2,0,0.0010658782405417264
318,3.0,247800,1.0,246,22,ENGLISH,4,2,1,3,0,0,0,2,-999,0.0001349833537788952
319,3.0,160440,1.0,189,36,English,5,4,1,3,0,0,0,2,0,8.739600193819994e-05
320,2.0,13370400,1.0,1346,19,-999,-999,2,-999,-999,-999,0,0,2,-999,0.007283218052321794
321,2.0,4840560,1.0,1026,-999,English,6,1,1,3,0,0,-999,1,-999,0.0026367837892169853
322,2.0,3597480,1.0,723,47,Chinese,10,2,2,4,0,0,0,2,0,0.0019596445341101693
323,3.0,397800,1.0,367,29,English,4,5,2,3,2,0,0,1,-999,0.0002166924057031659
324,3.0,520920,1.0,330,47,english,9,5,2,3,0,0,0,2,0,0.0002837591955226073
325,3.0,319800,1.0,266,47,English,9,2,2,3,0,0,0,2,0,0.00017420369870254515
326,3.0,500040,1.0,375,36,English,8,5,1,4,0,2,0,1,0,0.00027238529549474883
327,3.0,582600,1.0,412,33,English,8,5,2,4,0,3,0,2,0,0.00031735795767386744
328,,0,7.0,0,23,English,4,5,1,3,0,0,0,2,-999,0.0
329,5.0,7800,1.0,35,30,English,6,5,1,3,0,0,0,2,0,4.248870700062077e-06
330,2.0,2928000,1.0,897,45,English,1,6,3,2,4,0,0,2,-999,0.001594960693561764
331,2.0,1416120,1.0,501,74,English,9,5,2,4,3,-999,0,1,0,0.0007713988174066549
332,3.0,636720,1.0,466,52,English,9,5,2,1,0,0,0,2,-999,0.0003468385836081443
333,2.0,1003800,1.0,294,64,English,10,5,2,4,3,0,0,2,0,0.0005467969754772196
334,3.0,186240,1.0,221,26,English,4,2,1,3,0,0,0,2,-999,0.00010144995886917452
335,3.0,234480,1.0,216,28,English,6,5,1,4,0,1,0,2,-999,0.00012772758996801997
336,3.0,381120,1.0,263,25,English,5,5,1,3,0,0,0,1,1,0.00020760635912918702
337,3.0,536880,1.0,489,29,English,6,4,1,3,2,0,0,1,0,0.0002924530386473497
338,3.0,292080,1.0,284,62,English,10,5,2,4,0,0,0,2,0,0.0001591038659069399
339,3.0,232920,1.0,234,27,English,6,6,1,4,0,0,0,2,-999,0.00012687781582800757
340,,0,2.0,0,32,English,7,5,1,4,0,0,0,2,-999,0.0
341,4.0,13080,1.0,33,34,English,10,5,2,4,0,0,0,2,0,7.1250293277964055e-06
342,3.0,527640,1.0,417,27,English,4,6,1,3,0,0,0,1,0,0.00028741976104881465
343,3.0,330840,1.0,343,30,English,5,5,1,3,0,2,0,2,0,0.00018021748492417147
344,4.0,49080,1.0,105,21,English,4,4,1,3,0,0,0,2,-999,2.6735201789621376e-05
345,3.0,504360,1.0,370,33,ENGLISH,6,5,3,4,0,0,0,2,0,0.0002747385161901678
346,,0,2.0,0,26,English,7,5,1,4,0,0,0,2,0,0.0
347,3.0,1149120,1.0,724,26,english,6,2,1,4,0,-999,0,1,-999,0.000625956704981453
348,4.0,14160,1.0,37,32,English,8,5,2,3,0,0,0,2,0,7.713334501651154e-06
349,2.0,2251440,1.0,600,67,English,6,5,2,2,0,0,0,2,-999,0.0012264201857625336
350,4.0,25320,1.0,59,29,English,7,5,1,3,0,0,0,2,0,1.3792487964816895e-05
351,3.0,375480,1.0,349,22,English,6,2,1,3,0,-999,0,1,-999,0.00020453409877683443
352,3.0,620760,1.0,368,23,English ,4,6,1,3,0,0,0,2,-999,0.0003381447404834019
353,2.0,1161480,1.0,362,22,English,5,4,1,3,4,0,0,2,0,0.0006326895308600129
354,,0,2.0,0,58,English,9,5,2,3,0,0,0,1,0,0.0
355,2.0,1288680,1.0,538,36,ENGLISH,6,5,2,3,0,0,0,1,-999,0.0007019788068917945
356,2.0,4210800,1.0,975,-999,English,6,-999,5,1,3,0,0,2,0,0.0022937365056181274
357,2.0,2949120,1.0,926,61,English ,1,4,3,1,4,0,0,1,0,0.0016064653280727014
358,3.0,427680,1.0,331,56,English,8,5,2,4,3,0,0,1,0,0.00023296884884648064
359,3.0,202560,1.0,158,22,English,1,4,1,3,4,0,0,2,0,0.00011033990371853516
360,,0,6.0,0,22,English,4,5,1,3,0,0,0,2,1,0.0
361,3.0,502080,1.0,361,22,English,3,4,1,3,2,0,0,2,0,0.0002734965386009189
362,2.0,2104080,1.0,777,30,English,-999,2,2,3,0,0,-999,2,-999,0.00114614921315213
363,3.0,793680,1.0,533,27,ENGLISH,5,6,1,1,0,0,0,2,-999,0.0004323389355417012
364,2.0,2387160,1.0,704,31,Spanish,8,5,2,3,0,-999,1,2,0,0.0013003505359436137
365,3.0,485880,1.0,343,22,English,4,5,1,3,2,1,0,2,-999,0.00026467196099309767
366,5.0,10920,1.0,46,36,English,6,5,1,4,0,0,0,1,0,5.948418980086908e-06
367,2.0,1020000,1.0,312,18,English,10,5,1,0,2,0,0,2,0,0.0005556215530850408
368,2.0,1912680,1.0,477,59,English,10,5,1,4,0,1,0,1,-999,0.0010418884628967606
369,2.0,8467440,1.0,1213,52,English,2,4,4,1,4,-999,0,-999,-999,0.004612443297504312
370,3.0,317160,1.0,254,23,English,10,2,1,3,4,0,0,2,0,0.00017276561938867798
371,2.0,2717520,1.0,797,34,English,3,5,4,0,1,0,0,2,0,0.0014803065519016275
372,3.0,421080,1.0,311,24,English,5,5,1,3,0,1,0,2,-999,0.00022937365056181273
373,2.0,1035600,1.0,351,55,English ,8,5,2,4,0,0,0,2,0,0.000564119294485165
374,2.0,1041240,1.0,373,23,English,8,4,1,3,1,0,0,2,0,0.0005671915548375175
375,3.0,647160,1.0,416,43,English,6,2,1,4,0,0,0,2,-999,0.0003525255336220735
376,,0,7.0,0,23,English,4,5,1,3,0,0,0,2,-999,0.0
377,4.0,18000,1.0,54,37,English,8,5,1,4,0,0,0,2,-999,9.805086230912485e-06
378,3.0,497880,1.0,388,37,English,10,5,1,4,0,-999,0,1,-999,0.0002712086851470393
379,3.0,961080,1.0,497,30,English,6,-999,1,4,0,0,0,2,-999,0.0005235262374891872
380,2.0,2168400,1.0,789,21,English,3,5,1,0,4,1,0,2,0,0.0011811860546172574
381,3.0,235800,1.0,222,29,English,7,5,1,4,0,1,0,1,-999,0.00012844662962495354
382,4.0,44760,1.0,89,28,English,6,5,1,3,0,1,0,1,-999,2.438198109420238e-05
383,2.0,2015760,1.0,487,64,English,7,5,3,3,0,0,0,2,0,0.0010980389233791194
384,2.0,1701600,1.0,612,37,English,-999,5,1,3,4,0,0,1,0,0.0009269074850289269
385,3.0,569040,1.0,385,31,English ,4,5,1,4,0,0,0,2,0,0.00030997145937991337
386,3.0,252000,1.0,240,25,English,4,4,1,3,0,0,0,1,-999,0.00013727120723277478
387,3.0,202440,1.0,157,24,English,7,2,1,3,0,0,0,2,-999,0.00011027453647699574
388,3.0,232080,1.0,206,46,English,9,5,2,3,0,1,0,1,0,0.00012642024513723164
389,3.0,537480,1.0,269,26,English,6,5,1,3,0,2,0,2,0,0.0002927798748550468
390,3.0,640800,1.0,398,20,English,5,4,1,2,2,0,0,2,-999,0.0003490610698204845
391,2.0,2122800,1.0,576,27,english,7,5,1,4,0,0,0,2,1,0.001156346502832279
392,2.0,3577080,1.0,880,22,Portuguese,1,5,1,1,1,0,1,2,-999,0.0019485321030484684
393,2.0,3964800,1.0,804,52,French,9,5,2,3,0,0,0,2,0,0.0021597336604623233
394,3.0,627120,1.0,494,26,English,4,5,2,1,0,0,0,1,0,0.000341609204284991
395,3.0,817800,1.0,577,23,english,4,4,1,3,1,0,0,1,0,0.00044547775109112387
396,3.0,233280,1.0,211,56,English,10,5,2,3,4,0,0,2,0,0.0001270739175526258
397,2.0,2858760,1.0,885,27,English ,4,5,1,1,1,1,0,2,-999,0.0015572437951935209
398,3.0,319680,1.0,265,33,English,8,5,1,3,1,0,0,1,0,0.00017413833146100573
399,,0,2.0,0,22,English,6,5,1,3,0,0,0,2,-999,0.0
400,2.0,2732280,1.0,787,34,-999,5,2,2,4,0,0,0,1,-999,0.0014883467226109758
401,2.0,2473680,1.0,677,30,English,4,7,1,3,0,2,1,1,-999,0.0013474803170935331
402,4.0,13920,1.0,35,24,English,5,2,1,3,0,0,0,2,-999,7.5826000185723214e-06
403,2.0,4388640,1.0,989,43,English,6,6,3,3,0,2,0,2,1,0.0023906107575795425
404,3.0,107520,1.0,93,23,English,4,5,1,3,2,0,0,2,-999,5.856904841931724e-05
405,2.0,1591920,1.0,654,28,english,9,5,2,3,0,0,1,2,-999,0.0008671618262619001
406,4.0,33840,1.0,69,29,English,9,5,2,4,0,0,0,2,0,1.8433562114115472e-05
407,3.0,213600,1.0,179,61,English,9,5,3,4,0,0,0,2,0,0.00011635368994016148
408,2.0,1174680,1.0,391,53,English,10,5,2,4,1,0,0,2,0,0.0006398799274293488
409,2.0,3133920,1.0,875,38,English,5,4,2,3,0,0,-999,1,-999,0.001707130880043403
410,3.0,867600,1.0,498,31,English,3,2,1,3,2,0,0,2,-999,0.00047260515632998175
411,1.0,10080480,1.0,802,37,ASL,10,2,2,3,0,0,0,2,-999,0.0054911097582771495
412,3.0,539880,1.0,335,22,ENGLISH,4,5,1,3,0,0,0,2,1,0.0002940872196858351
413,3.0,360720,1.0,354,27,English,5,6,1,3,0,0,1,2,-999,0.0001964939280674862
414,2.0,1451760,1.0,549,44,English,10,5,2,4,1,0,0,2,1,0.0007908128881438616
415,2.0,3984720,1.0,817,18,English,-999,-999,1,0,2,0,0,2,0,0.0021705846225578665
416,1.0,11490480,1.0,1082,67,french,7,5,2,2,0,-999,0,1,0,0.006259174846365294
417,3.0,294840,1.0,210,44,English,7,4,1,4,0,0,0,2,0,0.0001606073124623465
418,3.0,297360,1.0,221,65,English,10,5,2,4,3,0,0,2,0,0.00016198002453467425
419,2.0,2221680,1.0,876,18,English ,4,4,1,0,1,0,1,2,0,0.0012102091098607584
420,2.0,3723480,1.0,888,-999,-999,4,5,1,4,2,0,0,1,-999,0.0020282801377265566
421,3.0,561960,1.0,377,53,English,6,5,1,4,0,0,1,1,0,0.00030611479212908776
422,2.0,1833840,1.0,646,31,English,7,5,2,3,2,2,0,2,0,0.000998942185205364
423,2.0,1139520,1.0,424,69,English,5,5,2,3,3,0,0,1,0,0.0006207273256582997
424,3.0,574200,1.0,382,45,English,3,5,1,3,1,0,0,2,-999,0.00031278225076610824
425,3.0,257400,1.0,260,30,English,8,5,2,4,4,0,0,2,-999,0.00014021273310204854
426,3.0,493560,1.0,351,33,English,10,2,2,4,0,-999,0,2,0,0.0002688554644516203
427,2.0,2110680,1.0,551,76,English,10,5,5,4,3,0,0,2,0,0.001149744411436798
428,3.0,227520,1.0,209,41,English,10,5,2,3,0,0,0,1,0,0.0001239362899587338
429,3.0,132480,1.0,149,33,English,8,5,1,3,0,1,0,1,0,7.216543465951588e-05
430,3.0,162480,1.0,201,25,English,4,2,1,3,2,0,0,2,0,8.850724504437003e-05
431,4.0,36120,1.0,78,73,English,8,5,2,3,3,0,0,1,0,1.9675539703364387e-05
432,2.0,1203000,1.0,434,36,English,7,4,1,4,0,-999,0,2,0,0.000655306596432651
433,3.0,317160,1.0,275,27,English,4,2,1,3,2,0,0,2,-999,0.00017276561938867798
434,2.0,1858080,1.0,419,76,ENGLISH,6,5,3,4,3,0,0,2,0,0.0010121463679963261
435,1.0,11573280,1.0,1065,45,"Tamil, English",7,2,3,3,0,-999,0,2,-999,0.006304278243027491
436,2.0,1323960,1.0,450,70,english,10,5,2,4,0,0,0,2,0,0.000721196775904383
437,3.0,557280,1.0,358,62,English,9,5,3,4,0,0,0,1,0,0.0003035654697090505
438,3.0,450360,1.0,378,22,English,1,5,1,1,1,0,0,1,0,0.00024532325749743037
439,3.0,367680,1.0,232,27,English,6,5,1,3,0,1,0,1,-999,0.00020028522807677236
440,,0,2.0,0,29,English,6,5,1,4,0,0,1,2,0,0.0
441,3.0,212280,1.0,173,27,English,8,5,1,4,0,0,0,2,0,0.0001156346502832279
442,2.0,1583520,1.0,605,31,english,10,5,2,4,0,-999,0,1,0,0.000862586119354141
443,2.0,1846080,1.0,651,44,English,6,2,1,3,3,0,0,1,-999,0.0010056096438423843
444,4.0,27120,1.0,85,57,English,8,5,2,4,0,0,0,2,0,1.4772996587908143e-05
445,3.0,518880,1.0,323,25,English,5,4,1,1,0,0,0,2,0,0.00028264795241643724
446,4.0,16560,1.0,47,32,English,8,5,1,3,0,0,0,2,0,9.020679332439485e-06
447,2.0,2136600,1.0,626,41,English,6,6,2,3,0,0,1,1,0,0.001163863735609312
448,4.0,17520,1.0,50,30,English,8,5,1,3,0,0,0,1,0,9.543617264754818e-06
449,3.0,726840,1.0,510,23,English,4,5,1,3,1,2,0,2,1,0.00039592938200424616
450,4.0,25080,1.0,57,36,English,7,5,2,4,0,0,0,1,0,1.3661753481738063e-05
451,2.0,1776600,1.0,698,49,english,8,5,3,1,0,0,0,2,0,0.0009677620109910623
452,2.0,1330320,1.0,452,47,English,-999,5,2,4,1,0,0,2,0,0.000724661239705972
453,1.0,10350000,1.0,871,60,English/French,8,5,3,4,0,0,0,2,-999,0.005637924582774679
454,2.0,1195560,1.0,428,50,English,7,4,3,4,0,0,0,2,0,0.0006512538274572072
455,2.0,5271360,1.0,928,67,Chinese,9,2,2,4,0,0,0,1,1,0.002871452186343491
456,3.0,253800,1.0,245,58,English,8,5,3,4,0,0,0,2,0,0.00013825171585586603
457,3.0,202440,1.0,157,45,English,8,5,3,4,0,0,0,2,0,0.00011027453647699574
458,2.0,1870680,1.0,448,52,English,6,5,2,4,1,0,0,1,0,0.001019009928357965
459,3.0,670320,1.0,467,59,English,6,5,1,4,3,0,0,2,-999,0.0003651414112391809
460,3.0,593760,1.0,373,31,English,7,2,1,4,0,0,0,1,-999,0.00032343711113703316
461,,0,5.0,0,22,English,4,5,1,3,0,0,0,2,-999,0.0
462,3.0,150600,1.0,173,29,English,6,5,1,4,0,1,0,1,0,8.203588813196779e-05
463,3.0,224640,1.0,200,22,English,10,2,1,3,2,0,0,2,-999,0.0001223674761617878
464,3.0,121200,1.0,126,27,English,7,4,1,3,0,0,0,2,-999,6.602091395481073e-05
465,2.0,2648160,1.0,784,34,English,1,5,1,0,4,2,0,2,0,0.0014425242862918448
466,1.0,12019320,1.0,1103,38,Hebrew ,6,5,2,4,0,-999,0,1,1,0.006547248279829503
467,2.0,3249120,1.0,929,30,ENGLISH,1,2,1,4,2,-999,0,2,-999,0.001769883431921243
468,3.0,793560,1.0,532,29,English,8,5,2,1,2,0,0,1,0,0.00043227356830016176
469,3.0,392040,1.0,283,56,English,9,5,2,3,0,0,0,2,-999,0.00021355477810927392
470,4.0,25080,1.0,57,28,English,5,5,1,3,0,0,0,1,-999,1.3661753481738063e-05
471,5.0,5040,1.0,22,21,English,4,5,1,3,0,0,0,2,-999,2.745424144655496e-06
472,2.0,1017000,1.0,323,25,English,5,5,1,4,0,2,0,2,-999,0.0005539873720465554
473,1.0,11204280,1.0,996,35,Swahili,3,4,2,3,4,0,0,2,-999,0.006103273975293785
474,2.0,1600080,1.0,605,53,English,6,5,5,3,0,0,0,2,0,0.0008716067986865804
475,3.0,269040,1.0,260,69,English,8,5,2,4,3,0,0,2,-999,0.00014655335553137193
476,3.0,392280,1.0,285,44,English,8,5,2,4,0,0,0,2,-999,0.00021368551259235276
477,2.0,1974720,1.0,731,39,english,6,5,3,1,1,0,0,1,0,0.001075683326772639
478,3.0,319080,1.0,260,31,English,6,5,2,4,1,0,0,2,0,0.00017381149525330864
479,2.0,2590560,1.0,928,43,English,8,5,1,2,0,1,1,1,-999,0.0014111480103529248
480,2.0,4789080,1.0,1075,36,-999,1,5,3,4,4,1,0,1,0,0.0026087412425965756
481,2.0,2312040,1.0,906,26,english,6,6,1,3,4,0,1,1,-999,0.001259430642739939
482,,0,5.0,0,22,English,4,5,1,3,0,0,0,2,-999,0.0
483,3.0,584640,1.0,398,58,English,9,5,3,3,0,0,0,1,-999,0.0003184692007800375
484,2.0,1024320,1.0,328,21,english,4,5,1,3,0,0,0,2,-999,0.0005579747737804598
485,4.0,23760,1.0,51,31,English,8,5,2,4,0,0,0,2,-999,1.294271382480448e-05
486,3.0,498000,1.0,440,27,English,4,5,1,4,0,3,0,2,-999,0.0002712740523885787
487,4.0,15120,1.0,40,29,English,7,5,1,3,0,0,0,2,-999,8.236272433966488e-06
488,3.0,410760,1.0,410,36,English,6,4,1,4,2,0,0,2,-999,0.00022375206778942291
489,3.0,618840,1.0,378,51,English,8,5,1,3,0,0,0,2,0,0.00033709886461877125
490,2.0,2016000,1.0,571,50,ENGLISH,10,5,2,4,0,0,0,1,0,0.0010981696578621983
491,3.0,1073040,1.0,618,71,English,4,5,3,4,3,0,0,1,-999,0.0005845138738454629
492,,0,2.0,0,25,English,6,5,1,4,0,0,0,2,-999,0.0
493,3.0,141600,1.0,185,37,English,8,5,2,4,0,1,0,1,0,7.713334501651154e-05
494,4.0,67800,1.0,134,36,English,8,5,2,4,0,0,0,2,0,3.693249146977036e-05
495,3.0,129840,1.0,137,28,English,7,5,1,4,0,0,0,1,0,7.072735534564873e-05
496,4.0,43800,1.0,86,26,English,7,5,1,3,0,0,0,2,0,2.3859043161887045e-05
497,3.0,465120,1.0,347,51,English,10,5,1,4,0,1,0,1,0,0.0002533634282067786
498,,0,2.0,0,26,English,6,5,1,3,0,0,0,1,-999,0.0
499,3.0,309720,1.0,248,28,English,7,5,2,4,4,0,0,2,-999,0.00016871285041323414
500,3.0,307560,1.0,240,44,English,10,5,2,4,0,0,0,1,0,0.00016753624006552465
501,2.0,2066280,1.0,782,57,english,9,4,2,4,0,-999,0,2,0,0.0011255585320672139
502,3.0,612720,1.0,357,48,English,7,5,3,3,0,0,0,2,0,0.000333765135300261
503,3.0,218880,1.0,198,30,english,6,5,2,4,0,0,0,2,-999,0.00011922984856789582
504,4.0,64680,1.0,123,32,English,8,5,1,4,0,0,1,2,0,3.523294318974553e-05
505,4.0,12600,1.0,29,30,English,6,5,1,4,0,0,0,2,0,6.863560361638739e-06
506,3.0,302640,1.0,383,33,English,8,5,1,4,1,2,0,2,-999,0.0001648561831624086
507,2.0,1173120,1.0,486,26,English,8,5,2,3,0,1,0,2,-999,0.0006390301532893364
508,2.0,3920160,1.0,864,27,English,1,4,-999,0,2,0,0,2,-999,0.0021354170466096603
509,2.0,994080,1.0,279,63,English,10,5,2,4,0,1,0,1,0,0.0005415022289125269
510,4.0,21480,1.0,68,20,English,1,4,1,1,2,0,0,2,-999,1.1700736235555565e-05
511,2.0,1950360,1.0,645,42,English ,6,5,3,1,0,0,0,2,0,0.0010624137767401374
512,3.0,476760,1.0,349,28,English,10,5,2,3,0,0,1,2,0,0.000259704050636102
513,2.0,3764760,1.0,810,65,english,4,5,1,3,3,0,0,1,-999,0.002050766468816116
514,3.0,258000,1.0,218,39,English,6,4,1,4,0,0,0,2,-999,0.0001405395693097456
515,3.0,509640,1.0,389,63,English,10,5,2,4,3,-999,0,2,0,0.00027761467481790216
516,,0,7.0,0,23,English,4,5,1,3,0,0,0,2,-999,0.0
517,2.0,6036720,1.0,1182,-999,-999,6,5,3,1,3,-999,2,2,0,0.0032883644528818898
518,3.0,184680,1.0,218,43,English,9,4,2,4,0,0,0,2,0,0.0001006001847291621
519,4.0,16200,1.0,44,29,English,6,5,1,3,0,0,0,2,-999,8.824577607821237e-06
520,3.0,359040,1.0,329,25,English,4,2,1,3,1,0,0,1,0,0.00019557878668593435
521,2.0,3906000,1.0,985,28,ENGLISH,4,2,1,3,2,2,0,2,1,0.002127703712108009
522,3.0,884760,1.0,580,45,English ,7,5,2,3,1,0,0,2,-999,0.0004819526718701183
523,2.0,3296400,1.0,921,52,English,2,5,5,3,0,1,0,1,-999,0.001795638125087773
524,2.0,2801040,1.0,800,57,english,2,4,3,0,1,0,0,1,0,0.0015258021520130614
525,6.0,240,1.0,2,30,English,6,5,1,4,0,0,0,2,-999,1.3073448307883313e-07
526,1.0,12665280,1.0,1115,41,Japanese,8,2,2,2,1,0,0,2,0,0.006899120141036182
527,3.0,349680,1.0,291,55,English,8,5,1,3,0,0,0,2,-999,0.00019048014184585988
528,2.0,6795360,1.0,1166,71,English,8,2,5,4,0,-999,-999,1,1,0.003701616153894081
529,4.0,15120,1.0,40,32,English,8,5,2,4,0,0,0,2,-999,8.236272433966488e-06
530,1.0,9965520,1.0,729,29,Slovene,7,5,1,4,2,0,0,2,0,0.005428487940882388
531,2.0,4151040,1.0,896,70,english,-999,5,5,4,3,0,0,1,0,0.002261183619331498
532,3.0,207480,1.0,179,22,English,10,5,1,3,0,0,0,2,-999,0.00011301996062165125
533,2.0,1986840,1.0,761,61,english,1,5,1,1,4,0,0,1,-999,0.00108228541816812
534,2.0,4210080,1.0,1166,18,English ,7,6,1,0,4,2,1,2,-999,0.0022933443021688907
535,4.0,13920,1.0,35,32,English,7,5,2,4,0,0,0,2,-999,7.5826000185723214e-06
536,2.0,2458560,1.0,708,38,english,8,5,2,3,4,0,0,2,-999,0.0013392440446595665
537,2.0,2176080,1.0,644,26,english,3,5,1,3,1,0,0,2,-999,0.00118536955807578
538,3.0,297360,1.0,221,58,English,10,5,2,4,0,0,0,1,0,0.00016198002453467425
539,2.0,2305080,1.0,848,44,English,4,6,1,0,4,0,0,1,0,0.0012556393427306527
540,3.0,731400,1.0,385,33,English ,8,5,2,3,0,0,0,1,-999,0.000398413337182744
541,3.0,399600,1.0,290,70,English,10,5,2,4,1,0,0,1,0,0.00021767291432625715
542,2.0,2190240,1.0,808,75,ENGLISH,8,5,1,3,3,0,0,2,0,0.001193082892577431
543,3.0,385680,1.0,281,37,english,8,5,2,4,0,0,0,2,-999,0.00021009031430768485
544,4.0,68040,1.0,136,23,English,4,4,1,3,0,0,0,1,1,3.706322595284919e-05
545,3.0,457200,1.0,323,32,English,8,5,2,4,0,-999,0,1,-999,0.0002490491902651771
546,3.0,425400,1.0,240,29,English ,6,5,1,3,0,0,0,2,-999,0.00023172687125723172
547,3.0,385080,1.0,239,51,English,10,5,2,4,1,0,0,2,0,0.00020976347809998776
548,3.0,233280,1.0,211,40,English,7,4,1,3,0,0,0,2,-999,0.0001270739175526258
549,,0,2.0,0,61,English,9,5,3,4,0,0,0,1,0,0.0
550,2.0,3034200,1.0,913,49,English,3,5,3,1,1,0,-999,2,0,0.0016528107023241478
551,4.0,74040,1.0,161,33,English,7,4,1,4,0,0,0,1,-999,4.033158802982002e-05
552,2.0,1355400,1.0,504,23,English,-999,5,1,3,2,1,0,2,0,0.00073832299318771
553,3.0,294240,1.0,231,33,English,7,5,3,3,0,0,0,2,0,0.0001602804762546494
554,3.0,441120,1.0,280,36,English,6,5,3,4,0,0,0,2,0,0.0002402899798988953
555,2.0,982800,1.0,256,74,English,8,5,5,4,3,0,0,1,0,0.0005353577082078217
556,2.0,2883960,1.0,719,58,English,2,4,3,0,1,0,0,1,0,0.0015709709159167982
557,2.0,1027080,1.0,341,32,ENGLISH,6,5,1,4,0,0,0,2,-999,0.0005594782203358664
558,2.0,2669280,1.0,894,71,English,8,5,3,3,3,0,-999,2,0,0.0014540289208027821
559,2.0,3790200,1.0,841,57,English,7,6,1,3,0,0,2,1,0,0.002064624324022472
560,3.0,384480,1.0,276,23,English,7,5,2,3,1,0,0,2,0,0.00020943664189229067
561,2.0,1038480,1.0,339,63,English,10,5,2,3,0,0,0,2,-999,0.000565688108282111
562,2.0,1276680,1.0,437,49,English,-999,5,2,4,0,0,0,1,0,0.0006954420827378528
563,,0,2.0,0,35,English,10,5,2,4,0,0,0,2,0,0.0
564,3.0,652200,1.0,422,20,English,10,5,1,1,2,0,0,1,0,0.000355270957766729
565,5.0,5040,1.0,22,30,English,6,5,2,4,0,0,0,2,-999,2.745424144655496e-06
566,3.0,637200,1.0,409,32,English ,10,5,2,3,0,0,0,2,-999,0.00034710005257430193
567,2.0,2437440,1.0,910,37,Spanish,4,5,1,2,4,0,1,2,0,0.0013277394101486293
568,3.0,566040,1.0,391,27,English,5,5,1,4,0,3,0,2,0,0.0003083372783414279
569,2.0,1026240,1.0,339,27,English,3,5,1,4,2,0,0,2,0,0.0005590206496450905
570,3.0,216840,1.0,191,23,English,1,4,1,0,2,0,0,2,0,0.00011811860546172573
571,2.0,982800,1.0,256,53,English,9,4,2,4,0,0,0,2,0,0.0005353577082078217
572,2.0,982800,1.0,256,58,english,9,5,2,4,0,0,0,2,0,0.0005353577082078217
573,2.0,1080480,1.0,415,73,English,8,2,2,3,3,0,0,2,0,0.0005885666428209067
574,2.0,4744920,1.0,935,48,English,1,5,1,1,4,0,2,1,0,0.00258468609771007
575,2.0,1179960,1.0,389,68,ENGLISH,6,5,3,4,3,0,0,2,0,0.0006427560860570831
576,2.0,5035800,1.0,668,23,ENGLISH ,1,2,1,3,2,0,0,2,-999,0.002743136291201616
577,2.0,7500120,1.0,1138,18,Portuguese,6,7,1,0,2,0,1,2,0,0.004085517963455075
578,,0,6.0,0,22,English,4,5,1,3,0,0,0,2,1,0.0
579,2.0,1358760,1.0,496,57,English,6,5,1,3,1,0,0,2,0,0.0007401532759508138
580,1.0,10347960,1.0,864,20,Vietnamese,1,2,1,2,2,0,0,2,-999,0.005636813339668509
581,3.0,228240,1.0,297,32,English,9,4,2,3,0,0,0,1,-999,0.00012432849340797032
582,2.0,2282640,1.0,631,40,English,7,4,1,4,-999,0,0,2,-999,0.0012434156685627818
583,3.0,498840,1.0,370,34,English,9,5,2,4,0,0,-999,2,-999,0.00027173162307935465
584,3.0,395880,1.0,300,31,English,9,5,1,4,0,1,0,1,-999,0.00021564652983853524
585,4.0,42480,1.0,106,37,English,10,5,2,3,0,0,0,2,0,2.3140003504953464e-05
586,2.0,3423960,1.0,929,28,English,4,5,4,3,2,3,0,1,-999,0.0018651235028441728
587,3.0,203760,1.0,163,23,English,10,2,1,3,2,0,0,2,-999,0.00011099357613392933
588,3.0,107520,1.0,93,69,English,10,5,2,4,3,0,0,1,0,5.856904841931724e-05
589,2.0,1266240,1.0,442,41,english,10,5,2,3,0,0,0,2,-999,0.0006897551327239236
590,,0,2.0,0,67,English,10,5,2,4,3,0,0,1,0,0.0
591,,0,2.0,0,22,English,6,5,1,3,0,0,0,2,-999,0.0
592,2.0,1864440,1.0,447,32,English,1,4,1,3,4,0,0,2,-999,0.0010156108317979152
593,4.0,13920,1.0,35,28,English,6,5,1,3,0,0,0,1,0,7.5826000185723214e-06
594,3.0,140760,1.0,157,37,English,10,5,2,3,0,1,0,1,0,7.667577432573563e-05
595,3.0,354240,1.0,309,36,English,8,2,2,4,1,0,0,2,0,0.0001929640970243577
596,2.0,1858080,1.0,419,77,English,7,5,1,4,4,0,0,2,0,0.0010121463679963261
597,2.0,1301160,1.0,489,64,English,5,5,3,4,3,0,0,2,0,0.0007087770000118938
598,2.0,1555320,1.0,603,27,ENGLISH,2,2,1,3,0,0,0,2,-999,0.0008472248175923781
599,2.0,3399120,1.0,688,63,English,3,4,2,0,4,0,0,2,0,0.0018515924838455136
600,3.0,566760,1.0,397,33,English,7,4,1,3,0,1,0,1,0,0.00030872948179066443
601,3.0,423960,1.0,341,45,English,7,4,1,4,0,0,0,1,0,0.00023094246435875873
602,3.0,225720,1.0,204,57,English,10,5,2,4,1,0,0,2,0,0.00012295578133564257
603,3.0,850080,1.0,453,41,English,6,4,1,4,0,0,0,2,0,0.00046306153906522694
604,2.0,2136720,1.0,585,73,English,8,5,4,4,1,0,0,2,0,0.0011639291028508513
605,3.0,402240,1.0,302,28,English ,6,5,2,3,0,0,0,2,0,0.00021911099364012432
606,3.0,543240,1.0,348,37,English,1,5,1,3,1,0,0,2,-999,0.00029591750244893877
607,3.0,1040640,1.0,582,27,English,2,2,1,3,1,0,0,1,0,0.0005668647186298204
608,2.0,2655480,1.0,778,49,English,1,5,1,1,4,1,0,2,0,0.0014465116880257492
609,2.0,2869200,1.0,692,60,English,9,2,2,4,0,1,0,2,0,0.0015629307452074501
610,3.0,130320,1.0,141,32,English,6,5,1,3,0,0,0,1,-999,7.098882431180639e-05
611,2.0,2283480,1.0,633,57,English,10,5,2,2,1,0,0,2,-999,0.0012438732392535579
612,,0,2.0,0,32,English,8,5,2,4,0,0,0,2,0,0.0
613,4.0,42240,1.0,78,30,English,9,5,2,3,0,0,0,2,-999,2.300926902187463e-05
614,3.0,390720,1.0,303,35,English,6,5,1,1,0,0,0,1,-999,0.00021283573845234032
615,2.0,2205360,1.0,613,76,ENGLISH,9,5,2,4,3,0,0,2,0,0.0012013191650113977
616,2.0,3960480,1.0,619,66,English,8,2,1,4,0,0,0,1,0,0.0021573804397669043
617,,0,2.0,0,28,English,6,6,1,3,0,0,1,2,0,0.0
618,2.0,1545000,1.0,527,43,English,4,4,1,1,4,0,0,2,0,0.0008416032348199882
619,1.0,10901040,1.0,885,29,Bisaya,4,2,1,3,0,0,0,2,0,0.00593809095592368
620,4.0,12720,1.0,30,74,English,8,5,2,4,3,0,0,1,0,6.928927603178156e-06
621,2.0,1682880,1.0,583,44,ENGLISH,10,5,2,4,4,0,0,2,0,0.0009167101953487779
622,2.0,7561920,1.0,1155,59,english,2,4,1,1,2,0,2,1,-999,0.004119182092847874
623,3.0,286200,1.0,199,39,English,10,5,2,3,0,0,0,1,0,0.0001559008710715085
624,,0,2.0,0,38,English,6,5,1,4,0,0,0,2,-999,0.0
625,2.0,1702320,1.0,592,37,English,4,4,1,3,2,0,0,2,1,0.0009272996884781634
626,2.0,3697680,1.0,893,65,-999,8,5,2,4,1,-999,0,1,0,0.002014226180795582
627,4.0,18960,1.0,57,27,English,6,5,2,3,0,0,0,2,-999,1.0328024163227817e-05
628,2.0,4022040,1.0,700,77,English,9,6,2,4,0,0,0,1,0,0.002190913834676625
629,4.0,63240,1.0,116,24,English,7,5,1,3,0,0,0,2,0,3.444853629127253e-05
630,3.0,373440,1.0,419,26,English,4,5,2,4,2,0,0,2,0,0.00020342285567066435
631,3.0,113760,1.0,120,29,English,7,5,2,4,0,0,0,2,-999,6.19681449793669e-05
632,4.0,64680,1.0,102,32,English,8,5,2,4,0,0,1,2,0,3.523294318974553e-05
633,,0,2.0,0,34,English,10,2,2,4,0,0,0,2,0,0.0
634,3.0,146040,1.0,176,35,English,10,5,2,3,0,0,0,2,-999,7.955193295346996e-05
635,3.0,142320,1.0,165,25,English,6,2,1,3,0,0,0,1,-999,7.752554846574805e-05
636,3.0,546000,1.0,438,35,English,6,4,1,1,1,0,0,1,-999,0.0002974209490043454
637,3.0,316560,1.0,228,74,English,8,5,2,4,3,0,0,2,0,0.0001724387831809809
638,4.0,15120,1.0,40,36,English,7,5,1,3,0,0,0,2,0,8.236272433966488e-06
639,1.0,11335680,1.0,1028,19,Filipino,1,2,1,1,2,-999,0,2,0,0.006174851104779447
640,2.0,2792760,1.0,599,61,english,5,5,1,3,1,0,0,1,0,0.0015212918123468416
641,,0,2.0,0,28,English,6,5,1,3,0,0,0,2,0,0.0
642,3.0,286200,1.0,199,69,English,10,5,2,4,1,0,0,1,0,0.0001559008710715085
643,2.0,3483360,1.0,652,74,English,6,4,3,1,0,0,0,2,0,0.0018974802874061841
644,3.0,616560,1.0,496,39,English,6,2,2,3,1,0,0,1,0,0.0003358568870295223
645,3.0,1321320,1.0,713,57,English,8,5,3,2,0,0,1,2,0,0.0007197586965905158
646,4.0,23760,1.0,51,23,English,5,2,1,3,0,0,0,2,-999,1.294271382480448e-05
647,3.0,589080,1.0,497,31,English,6,5,2,4,0,1,1,1,-999,0.0003208877887169959
648,3.0,906960,1.0,541,26,english,7,5,2,4,4,0,0,2,0,0.0004940456115549104
649,4.0,26280,1.0,62,24,English,4,5,1,3,2,0,0,2,-999,1.4315425897132227e-05
650,3.0,486240,1.0,341,34,English,6,2,2,1,0,0,0,1,-999,0.0002648680627177159
651,6.0,1680,1.0,14,33,English,8,5,2,3,0,0,0,1,-999,9.151413815518319e-07
652,3.0,832440,1.0,444,42,English,6,5,2,3,4,0,0,1,0,0.0004534525545589327
653,4.0,66840,1.0,131,21,English,4,2,1,3,0,0,0,1,-999,3.6409553537455025e-05
654,5.0,4200,1.0,20,27,English,6,5,1,3,0,0,0,1,-999,2.28785345387958e-06
655,5.0,2760,1.0,13,22,English,4,5,1,3,0,0,0,1,-999,1.503446555406581e-06
656,4.0,34920,1.0,73,27,English,6,5,2,3,0,0,0,1,0,1.902186728797022e-05
657,3.0,978960,1.0,638,26,English,1,5,1,0,1,1,0,1,0,0.0005332659564785603
658,4.0,44880,1.0,90,28,English,4,5,1,4,0,0,0,2,0,2.4447348335741794e-05
659,2.0,982800,1.0,256,22,English,9,5,1,3,0,0,0,2,0,0.0005353577082078217
660,3.0,313320,1.0,361,33,English,10,2,2,3,0,-999,0,2,-999,0.00017067386765941666
661,2.0,2351880,1.0,720,21,English,1,4,1,3,2,0,1,2,1,0.0012811325669310253
662,3.0,303120,1.0,223,37,English,6,5,1,4,0,0,0,2,0,0.00016511765212856623
663,3.0,118680,1.0,115,72,English,7,5,2,4,3,0,0,1,0,6.464820188248299e-05
664,3.0,469920,1.0,327,31,English,10,2,2,4,0,0,0,2,-999,0.0002559781178683553
665,3.0,720000,1.0,525,23,English ,3,4,1,3,0,0,0,2,0,0.0003922034492364994
666,3.0,415800,1.0,308,52,English,10,5,2,3,0,1,0,1,0,0.0002264974919340784
667,2.0,1172640,1.0,384,74,English,9,5,2,4,1,0,0,1,0,0.0006387686843231787
668,2.0,1192440,1.0,412,19,English ,8,5,1,1,1,0,0,2,0,0.0006495542791771825
669,4.0,24120,1.0,54,27,English,6,5,2,4,0,0,0,2,0,1.313881554942273e-05
670,3.0,258720,1.0,245,28,English,6,5,2,3,4,0,0,2,0,0.0001409317727589821
671,2.0,2128080,1.0,574,56,English,7,5,2,4,4,-999,0,2,0,0.0011592226614600134
672,1.0,11999040,1.0,1047,69,Urdu,1,2,2,3,3,0,0,1,0,0.006536201216009341
673,3.0,327720,1.0,271,58,English,8,5,2,4,1,0,0,1,0,0.00017851793664414663
674,2.0,1341960,1.0,452,48,English,8,5,1,4,0,1,0,1,-999,0.0007310018621352954
675,,0,2.0,0,25,English,6,5,1,3,0,0,0,2,0,0.0
676,3.0,125520,1.0,142,30,English,6,5,1,3,0,0,0,1,-999,6.837413465022972e-05
677,2.0,5999880,1.0,990,51,Turkish,8,5,2,4,1,-999,0,1,-999,0.0032682967097292888
678,4.0,13200,1.0,34,49,English,10,5,2,4,0,0,0,2,0,7.190396569335822e-06
679,3.0,538800,1.0,331,54,English,9,5,1,4,0,0,0,2,0,0.00029349891451198036
680,3.0,417480,1.0,394,23,English,5,5,2,3,1,0,0,1,0,0.00022741263331563024
681,3.0,396840,1.0,303,70,English,8,5,2,4,1,0,0,1,-999,0.0002161694677708506
682,3.0,1272240,1.0,615,51,English,1,5,1,3,0,0,1,1,0,0.0006930234948008945
683,2.0,2003040,1.0,774,19,English,1,5,1,1,2,3,1,1,-999,0.0010911099957759414
684,2.0,2667960,1.0,780,27,English,7,1,2,3,0,2,0,2,-999,0.0014533098811458484
685,3.0,371520,1.0,331,43,English,10,2,2,4,1,0,0,2,0,0.00020237697980603369
686,4.0,17280,1.0,48,23,English,4,5,1,3,0,0,1,1,-999,9.412882781675985e-06
687,2.0,1096200,1.0,347,69,English,10,5,2,4,0,0,0,1,-999,0.0005971297514625703
688,2.0,2031960,1.0,531,40,English,3,5,1,3,1,0,0,1,0,0.0011068635009869408
689,2.0,3077880,1.0,763,73,English ,9,5,2,3,3,0,0,2,-999,0.0016766043782444956
690,2.0,2522160,1.0,751,48,English,7,4,1,2,4,0,0,2,0,0.0013738886826754574
691,,0,2.0,0,24,English,5,5,1,3,0,0,0,2,0,0.0
692,5.0,7800,1.0,35,33,English,6,5,1,4,0,0,0,2,0,4.248870700062077e-06
693,,0,2.0,0,30,English,8,5,2,4,0,0,0,1,0,0.0
694,3.0,154680,1.0,182,30,English,6,2,1,4,0,0,0,2,-999,8.425837434430796e-05
695,2.0,1105320,1.0,383,44,English,5,5,3,1,0,0,0,2,0,0.000602097661819566
696,4.0,36120,1.0,78,29,English,8,5,2,4,0,0,0,1,-999,1.9675539703364387e-05
697,3.0,107520,1.0,93,32,English,10,5,2,4,0,0,0,1,0,5.856904841931724e-05
698,3.0,1931760,1.0,951,18,English ,1,4,1,0,2,0,1,1,-999,0.001052281854301528
699,3.0,799440,1.0,474,29,English,8,6,1,4,0,0,0,2,-999,0.00043547656313559313
700,2.0,1179720,1.0,469,43,ENGLISH,8,5,2,4,0,0,0,2,0,0.0006426253515740043
701,,0,2.0,0,34,English,8,5,2,4,0,0,0,1,0,0.0
702,3.0,710640,1.0,492,20,English,10,4,1,1,2,0,1,2,-999,0.0003871048043964249
703,3.0,533400,1.0,332,32,English,7,5,1,4,1,0,0,1,-999,0.00029055738864270666
704,4.0,23760,1.0,51,49,English,10,5,2,4,0,0,0,1,0,1.294271382480448e-05
705,3.0,285840,1.0,320,36,English,5,4,2,4,0,0,0,2,0,0.00015570476934689026
706,1.0,10036920,1.0,744,23,Amharic,6,4,1,3,0,0,0,2,1,0.005467381449598341
707,2.0,2568960,1.0,892,27,ENGLISH,4,4,1,3,4,1,0,2,-999,0.0013993819068758297
708,3.0,137160,1.0,142,49,English,10,6,2,4,0,0,0,2,0,7.471475707955313e-05
709,,0,2.0,0,42,English,9,5,2,4,0,0,0,1,0,0.0
710,3.0,690120,1.0,458,23,english,1,5,1,3,2,0,0,2,-999,0.0003759270060931847
711,,0,2.0,0,63,English,10,5,2,4,3,0,0,1,0,0.0
712,2.0,2766360,1.0,639,19,English,4,5,1,0,0,0,0,2,-999,0.00150691101920817
713,2.0,5324640,1.0,980,72,english,8,5,1,1,-999,0,0,1,-999,0.0029004752415869917
714,2.0,1505160,1.0,623,68,English,7,5,2,2,3,-999,0,2,0,0.000819901310628902
715,1.0,13853160,1.0,1171,79,The English as She is Spoken,7,5,4,4,3,0,0,1,-999,0.007546190465034867
716,2.0,2966520,1.0,740,51,English,3,5,4,4,2,0,0,2,-999,0.001615943578095917
717,2.0,2730600,1.0,748,34,English,6,1,2,4,4,0,0,2,0,0.001487431581229424
718,5.0,3120,1.0,16,53,English,7,5,1,4,0,0,0,2,0,1.6995482800248308e-06
719,3.0,578160,1.0,313,44,English,7,5,3,4,0,0,0,2,0,0.00031493936973690903
720,2.0,1176480,1.0,396,44,English,6,5,3,4,0,3,0,2,0,0.00064086043605244
721,4.0,55920,1.0,111,33,English,6,5,1,3,0,3,0,2,1,3.046113455736812e-05
722,2.0,2207040,1.0,617,63,english,7,5,1,4,0,0,0,2,1,0.0012022343063929494
723,2.0,1365000,1.0,497,63,english,7,5,2,4,0,3,0,2,0,0.0007435523725108634
724,2.0,2398920,1.0,649,37,English,7,5,2,3,0,3,0,2,0,0.0013067565256144765
725,4.0,26400,1.0,63,28,English,7,5,1,4,0,0,0,2,0,1.4380793138671644e-05
726,2.0,1192560,1.0,458,42,English,7,5,2,4,0,2,0,2,0,0.0006496196464187219
727,3.0,107520,1.0,93,42,English,7,5,2,3,0,2,0,2,0,5.856904841931724e-05
728,2.0,2213280,1.0,679,22,English,4,5,1,3,2,2,0,2,0,0.001205633402952999
729,3.0,543600,1.0,449,31,English,6,5,2,4,2,2,0,1,1,0.000296113604173557
730,2.0,3747000,1.0,932,55,english,6,4,4,4,0,0,0,2,1,0.002041092117068282
731,,0,2.0,0,55,english,6,5,4,4,0,0,1,2,0,0.0
732,3.0,1075200,1.0,682,39,English,6,5,2,4,1,0,1,2,0,0.0005856904841931725
733,2.0,1370520,1.0,558,45,English,6,5,2,4,1,0,1,2,0,0.0007465592656216766
734,3.0,260400,1.0,249,45,English,2,5,2,4,0,0,0,2,-999,0.00014184691414053394
735,2.0,1183680,1.0,405,54,English,8,5,2,4,0,2,0,2,0,0.000644782470544805
736,3.0,717240,1.0,435,54,English,8,5,2,4,0,2,0,2,1,0.0003907000026810928
737,3.0,210360,1.0,193,28,English,5,5,2,4,0,0,0,2,1,0.00011458877441859724
738,1.0,11350080,1.0,1041,39,English and Arabic,6,6,2,4,0,0,0,1,0,0.006182695173764176
739,3.0,383400,1.0,272,39,English and Arabic,6,6,2,3,0,0,0,1,0,0.00020884833671843593
740,2.0,1304640,1.0,421,72,English,6,5,1,4,3,0,0,1,0,0.0007106726500165369
741,3.0,239760,1.0,214,72,English,6,5,1,4,3,0,0,2,0,0.00013060374859575428
742,4.0,15120,1.0,40,29,English,8,5,2,4,2,0,0,2,0,8.236272433966488e-06
743,1.0,10854000,1.0,895,29,English,8,5,4,4,0,0,0,2,0,0.005912466997240229
744,4.0,33600,1.0,67,27,English,5,4,4,3,0,0,0,2,1,1.830282763103664e-05
745,,0,2.0,0,30,English,8,5,2,4,0,0,0,2,1,0.0
746,3.0,128520,1.0,131,47,English,10,5,3,4,0,0,0,2,0,7.000831568871514e-05
747,3.0,904920,1.0,492,47,English,10,5,3,4,0,1,0,2,0,0.0004929343684487403
748,3.0,128520,1.0,131,44,English,8,5,1,4,0,1,0,2,0,7.000831568871514e-05
749,3.0,205920,1.0,211,44,English,9,5,1,4,0,0,0,2,0,0.00011217018648163882
750,2.0,985680,1.0,270,36,English,9,5,1,4,0,0,0,2,0,0.0005369265220047677
751,3.0,319920,1.0,262,31,English,6,5,1,4,0,0,0,2,0,0.00017426906594408457
752,4.0,44760,1.0,89,32,English,7,5,2,4,0,0,0,2,0,2.438198109420238e-05
753,3.0,149040,1.0,165,35,English,7,5,2,4,0,1,0,1,0,8.118611399195538e-05
754,3.0,229080,1.0,217,35,English,8,5,1,4,1,1,0,2,0,0.00012478606409874622
755,2.0,4830600,1.0,1013,19,English,8,5,3,1,4,0,0,2,0,0.002631358308169214
756,,0,2.0,0,31,English,6,5,3,4,4,0,0,2,0,0.0
757,3.0,589440,1.0,418,33,English,8,5,2,4,4,2,0,2,0,0.00032108389044161416
758,2.0,2326080,1.0,688,59,English,9,6,2,4,4,2,0,2,0,0.0012670786100000507
759,2.0,1312920,1.0,511,59,English,9,6,2,4,3,0,0,2,0,0.0007151829896827566
760,3.0,455040,1.0,289,28,English,8,5,1,4,0,1,0,2,0,0.0002478725799174676
761,3.0,1273320,1.0,640,30,English,8,5,3,3,4,1,0,1,0,0.0006936117999747492
762,2.0,2110680,1.0,551,65,English,10,5,3,4,4,0,0,2,0,0.001149744411436798
763,2.0,1304640,1.0,466,65,English,10,5,2,4,1,0,0,2,0,0.0007106726500165369
764,3.0,555000,1.0,349,42,English,7,5,2,4,4,0,0,2,0,0.00030232349211980163
765,3.0,205200,1.0,273,35,English,7,5,2,4,4,0,0,2,0,0.00011177798303240233
766,4.0,78480,1.0,157,25,English,6,5,1,3,1,0,1,2,0,4.2750175966778437e-05
767,2.0,3202920,1.0,844,55,English,6,5,3,3,4,0,1,1,0,0.0017447170439285676
768,5.0,2160,1.0,13,55,English,8,5,3,3,4,0,0,2,-999,1.1766103477094981e-06
769,3.0,107640,1.0,94,30,English,8,5,2,4,0,0,0,2,-999,5.863441566085666e-05
770,3.0,336840,1.0,286,26,English,5,5,1,4,1,0,0,2,-999,0.0001834858470011423
771,1.0,9863040,1.0,658,89,English,6,5,2,4,3,0,0,1,-999,0.005372664316607726
772,3.0,399600,1.0,290,89,English,8,5,2,4,3,0,0,2,-999,0.00021767291432625715
773,3.0,1500600,1.0,713,46,english,9,5,2,3,0,1,0,2,0,0.0008174173554504041
774,3.0,1125120,1.0,665,46,english,9,5,2,1,4,1,1,2,0,0.0006128832566735697
775,3.0,922080,1.0,510,23,English,7,5,1,4,4,1,1,2,0,0.0005022818839888769
776,3.0,301080,1.0,237,23,English,7,6,1,4,0,1,1,2,1,0.00016400640902239615
777,2.0,5367720,1.0,825,34,English,7,6,2,4,1,0,0,2,1,0.0029239420812996425
778,3.0,1597920,1.0,766,43,English,7,6,2,4,4,0,1,2,0,0.000870430188338871
779,3.0,408360,1.0,323,43,english,8,6,1,4,4,0,1,2,0,0.00022244472295863458
780,3.0,373560,1.0,256,39,english,8,5,1,4,0,0,0,2,0,0.00020348822291220377
781,4.0,15120,1.0,40,39,English,8,5,1,4,0,0,0,2,0,8.236272433966488e-06
782,4.0,17880,1.0,53,32,English,6,5,1,4,0,0,0,2,0,9.739718989373068e-06
783,3.0,701040,1.0,499,68,english,6,5,2,3,3,0,0,2,0,0.00038187542507327156
784,2.0,1488960,1.0,544,68,english,6,5,2,3,3,0,0,2,0,0.0008110767330210808
785,2.0,4403880,1.0,1132,54,Spanish,6,6,2,2,0,1,1,2,0,0.0023989123972550483
786,2.0,2013360,1.0,712,50,Spanish,8,6,2,4,0,1,1,1,0,0.001096731578548331
787,2.0,1576680,1.0,546,50,English,8,5,2,4,0,0,1,2,0,0.0008588601865863943
788,2.0,1361280,1.0,507,58,English,8,6,2,4,0,0,1,2,0,0.0007415259880231415
789,3.0,372960,1.0,354,58,English,8,6,2,4,2,2,0,2,0,0.00020316138670450668
790,,0,2.0,0,30,English,5,5,1,4,2,2,0,2,-999,0.0
791,5.0,1440,1.0,7,28,English,6,5,1,3,0,0,0,1,-999,7.844068984729988e-07
792,,0,2.0,0,32,English,7,5,1,4,0,0,0,2,-999,0.0
793,6.0,480,1.0,4,33,English,7,5,1,4,0,0,0,2,0,2.6146896615766627e-07
794,2.0,1279320,1.0,444,34,english,8,5,1,3,0,0,0,2,0,0.00069688016205172
795,2.0,1422960,1.0,528,34,english,9,5,2,4,0,0,0,1,1,0.0007751247501744016
796,3.0,425400,1.0,240,45,English,10,5,3,4,0,0,0,2,1,0.00023172687125723172
797,3.0,454440,1.0,371,56,English,10,5,3,4,0,0,0,2,0,0.00024754574370977053
798,,0,2.0,0,56,English,8,5,3,4,0,0,0,2,-999,0.0
799,3.0,723360,1.0,557,26,English,7,6,1,4,2,0,0,2,-999,0.00039403373199960304
800,2.0,1798560,1.0,758,29,English,7,6,3,1,2,0,0,2,0,0.0009797242161927754
801,3.0,593280,1.0,430,29,English,5,6,3,1,1,0,0,2,0,0.0003231756421708755
802,2.0,1604280,1.0,620,26,English,5,5,1,4,2,0,0,2,0,0.0008738946521404601
803,2.0,2906640,1.0,877,34,Spanish,5,5,1,4,2,0,1,2,0,0.0015833253245677481
804,3.0,152040,1.0,180,43,Spanish,9,5,2,4,1,0,1,2,0,8.282029503044079e-05
805,3.0,184800,1.0,245,43,English,9,5,2,4,1,0,0,2,0,0.00010066555197070151
806,,0,2.0,0,31,English,9,5,2,4,0,0,0,2,0,0.0
807,1.0,11283840,1.0,1039,42,spanish,9,5,2,4,4,0,1,2,-999,0.006146612456434418
808,2.0,1729440,1.0,630,42,spanish,6,5,1,4,4,1,1,2,-999,0.0009420726850660715
809,4.0,24600,1.0,58,33,English,6,5,1,3,2,1,0,2,0,1.3400284515580396e-05
810,3.0,171600,1.0,211,47,English,7,5,1,4,0,0,0,2,0,9.34751554013657e-05
811,4.0,28560,1.0,71,52,English,8,5,2,4,0,0,0,2,0,1.555740348638114e-05
812,3.0,255600,1.0,255,52,English,8,5,2,4,0,1,0,2,-999,0.00013923222447895727
813,2.0,2020320,1.0,791,44,English ,8,5,3,3,4,1,0,2,0,0.0011005228785576173
814,3.0,256080,1.0,233,44,English ,8,5,3,3,4,0,0,2,0,0.00013949369344511494
815,2.0,3537840,1.0,918,74,english,8,5,3,3,3,0,0,2,-999,0.0019271570150650793
816,2.0,1119480,1.0,394,74,english,8,5,3,4,3,0,0,2,-999,0.0006098109963212172
817,5.0,5280,1.0,24,34,English ,8,5,2,4,0,0,0,2,-999,2.876158627734329e-06
818,3.0,240840,1.0,218,27,English,7,5,1,3,2,0,0,2,-999,0.00013119205376960905
819,3.0,361200,1.0,311,30,English,9,5,2,4,2,2,0,2,-999,0.00019675539703364387
820,2.0,1415400,1.0,500,74,english,10,5,2,4,3,2,0,2,0,0.0007710066139574184
821,5.0,3720,1.0,21,74,english,10,5,2,4,3,0,0,2,0,2.0263844877219134e-06
822,2.0,2266320,1.0,689,33,English ,7,5,1,4,2,0,0,2,-999,0.0012345257237134212
823,2.0,1879320,1.0,750,37,English ,6,6,3,3,2,0,0,2,-999,0.0010237163697488028
824,2.0,3044400,1.0,871,37,English,7,6,3,3,1,0,0,2,-999,0.0016583669178549983
825,3.0,295560,1.0,237,33,English,8,5,2,3,0,0,0,2,-999,0.000160999515911583
826,2.0,2958600,1.0,674,77,English,8,5,2,4,3,0,0,2,0,0.0016116293401543154
827,3.0,232080,1.0,206,77,English,8,5,2,4,3,0,0,2,0,0.00012642024513723164
828,3.0,580320,1.0,403,63,English,8,6,2,4,0,0,1,2,1,0.0003161159800846185
829,,0,2.0,0,35,English,10,6,2,4,0,0,1,2,1,0.0
830,,0,2.0,0,35,English,10,5,2,4,0,0,0,2,0,0.0
831,3.0,547320,1.0,407,30,English,7,5,1,4,2,0,0,2,-999,0.00029813998866127893
832,3.0,867120,1.0,494,60,English ,10,5,2,3,2,0,0,2,0,0.0004723436873638241
833,3.0,206040,1.0,172,60,English ,10,5,2,4,2,0,0,2,0,0.00011223555372317824
834,3.0,286200,1.0,199,73,English,8,5,2,4,3,0,0,1,0,0.0001559008710715085
835,2.0,1270080,1.0,433,73,English,8,5,2,4,3,0,0,2,0,0.0006918468844531849
836,2.0,1476240,1.0,617,50,english,8,5,2,4,2,0,0,2,0,0.0008041478054179026
837,2.0,1322040,1.0,439,50,english,7,4,2,4,0,0,0,2,0,0.0007201509000397523
838,3.0,800880,1.0,598,34,English,7,5,1,4,0,0,-999,2,0,0.00043626097003406615
839,3.0,425400,1.0,240,46,English,10,5,2,4,0,1,0,2,0,0.00023172687125723172
840,2.0,2562360,1.0,928,46,English ,10,5,2,3,0,1,0,1,0,0.0013957867085911619
841,3.0,173040,1.0,218,33,English ,9,5,1,3,0,0,0,1,0,9.425956229983868e-05
842,,0,2.0,0,42,English,9,5,2,4,0,0,0,1,0,0.0
843,3.0,244200,1.0,231,63,English,9,5,2,4,3,0,0,2,0,0.00013302233653271272
844,2.0,2212680,1.0,536,63,English,8,5,2,4,3,0,0,2,1,0.0012053065667453021
845,4.0,64440,1.0,121,50,English,8,5,2,3,4,0,0,2,1,3.510220870666669e-05
846,2.0,1250040,1.0,424,37,English,9,5,2,4,4,0,1,1,0,0.0006809305551161023
847,3.0,347400,1.0,282,37,English,9,5,2,4,0,2,1,2,0,0.00018923816425661096
848,2.0,5584320,1.0,732,29,English,9,5,2,4,0,2,0,2,0,0.0030419299522782893
849,2.0,1014720,1.0,314,32,English,9,5,2,4,0,1,0,1,-999,0.0005527453944573064
850,2.0,5287440,1.0,961,39,French,8,5,3,4,0,0,1,2,-999,0.002880211396709773
851,,0,2.0,0,39,French,7,5,3,4,0,0,1,2,1,0.0
852,2.0,1276320,1.0,460,69,English,8,5,3,4,1,0,0,2,1,0.0006952459810132346
853,3.0,446400,1.0,360,69,English,8,5,3,4,1,0,0,2,0,0.00024316613852662963
854,3.0,507840,1.0,342,22,English,7,5,1,3,2,0,0,2,0,0.0002766341661948109
855,2.0,2194440,1.0,593,63,English,9,5,1,4,2,0,0,2,0,0.0011953707460313108
856,2.0,1258440,1.0,433,63,English,9,5,1,4,1,0,0,2,0,0.0006855062620238615
857,3.0,228360,1.0,216,52,English,8,5,1,4,0,2,0,2,0,0.00012439386064950974
858,3.0,241920,1.0,222,25,English,10,5,2,3,0,2,0,2,0,0.0001317803589434638
859,3.0,645960,1.0,421,37,English,10,5,3,3,0,0,0,2,-999,0.0003518718612066794
860,4.0,186000,1.0,275,37,English,7,5,3,4,4,0,0,2,0,0.00010131922438609568
861,2.0,2070120,1.0,677,36,English,6,5,2,4,4,0,0,1,0,0.0011276502837964753
862,4.0,31080,1.0,82,30,English,7,5,2,3,0,0,0,1,0,1.6930115558708892e-05
863,4.0,23760,1.0,51,51,English,10,5,2,4,0,0,0,2,0,1.294271382480448e-05
864,2.0,3697920,1.0,959,51,English ,10,5,2,4,0,3,0,2,0,0.0020143569152786607
865,3.0,667320,1.0,436,45,English ,7,4,1,4,0,3,0,2,0,0.00036350723020069553
866,2.0,1235400,1.0,388,45,English ,7,5,1,4,2,0,0,2,0,0.0006729557516482936
867,2.0,1746840,1.0,749,28,English,5,5,3,4,3,0,0,2,-999,0.0009515509350892869
868,3.0,778800,1.0,434,24,English,7,5,3,4,3,0,1,2,0,0.0004242333975908135
869,,0,2.0,0,24,English,7,5,2,4,0,0,1,2,1,0.0
870,3.0,483360,1.0,332,70,English,8,5,2,4,3,0,0,2,1,0.00026329924892076994
871,2.0,1777440,1.0,649,70,English,8,5,2,4,3,0,0,2,0,0.0009682195816818382
872,2.0,5213400,1.0,1090,33,english,2,5,2,1,1,0,1,2,-999,0.0028398798086799524
873,1.0,10227840,1.0,866,78,english,5,5,3,1,3,0,1,2,0,0.005571380730887553
874,3.0,737160,1.0,509,78,english,9,5,3,1,3,0,0,2,0,0.00040155096477663594
875,3.0,1380360,1.0,682,28,English,9,5,1,4,2,1,1,1,1,0.0007519193794279088
876,,0,6.0,0,28,English,7,5,1,4,0,1,1,2,1,0.0
877,,0,2.0,0,22,English,4,5,1,3,2,0,0,2,1,0.0
878,2.0,1915920,1.0,663,47,English,8,5,3,4,2,3,1,2,0,0.001043653378418325
879,3.0,478080,1.0,432,47,English,10,5,3,4,1,3,1,2,0,0.0002604230902930356
880,3.0,588120,1.0,412,40,English,10,5,2,4,1,0,1,2,-999,0.00032036485078468056
881,3.0,202440,1.0,157,40,English,7,5,1,4,0,2,0,2,-999,0.00011027453647699574
882,3.0,669960,1.0,387,33,English,7,6,1,4,0,2,1,2,0,0.00036494530951456267
883,2.0,1768920,1.0,730,32,English,8,6,1,4,2,2,1,2,0,0.0009635785075325396
884,3.0,536880,1.0,428,39,English,9,5,2,4,2,2,1,1,-999,0.0002924530386473497
885,2.0,1213440,1.0,450,39,English,9,5,2,4,2,0,1,2,-999,0.0006609935464465803
886,2.0,1554480,1.0,540,33,English,9,4,1,3,2,0,0,2,0,0.0008467672469016021
887,3.0,677880,1.0,418,33,english,5,4,1,3,2,0,0,2,0,0.00036925954745616415
888,3.0,278400,1.0,298,32,english,9,4,2,4,0,0,0,1,1,0.00015165200037144642
889,2.0,4035720,1.0,881,75,English,9,5,2,4,3,2,0,1,1,0.0021983657002121186
890,3.0,1413120,1.0,660,75,English,3,5,1,4,4,2,0,2,-999,0.0007697646363681695
891,,0,7.0,0,51,English,4,5,1,4,4,0,0,2,-999,0.0
892,,0,5.0,0,23,English,4,5,1,3,0,0,0,2,-999,0.0
893,3.0,690480,1.0,477,36,English,6,5,1,3,0,2,1,2,-999,0.00037612310781780293
894,2.0,4149000,1.0,997,46,English,6,5,4,3,4,2,1,2,-999,0.002260072376225328
895,3.0,721800,1.0,453,46,English ,4,5,4,1,4,0,0,2,0,0.00039318395785959066
896,2.0,1418400,1.0,571,44,English ,4,5,3,1,0,0,0,2,0,0.0007726407949959037
897,,0,2.0,0,25,English,6,5,1,3,0,0,0,2,0,0.0
898,2.0,1193280,1.0,419,60,English,6,5,3,3,0,0,0,2,0,0.0006500118498679583
899,3.0,601920,1.0,359,60,English,6,5,3,4,1,0,0,2,0,0.0003278820835617135
900,2.0,1629000,1.0,627,60,English,9,6,2,4,1,0,1,2,1,0.0008873603038975799
901,3.0,145440,1.0,176,31,English,9,6,2,4,0,0,1,2,1,7.922509674577288e-05
902,,0,2.0,0,65,English,8,5,2,3,0,0,0,2,1,0.0
903,,0,2.0,0,65,English,8,5,2,4,0,0,0,2,0,0.0
904,,0,2.0,0,32,English,9,5,2,4,0,1,0,2,-999,0.0
905,3.0,172080,1.0,215,56,English,9,5,2,4,4,1,0,2,0,9.373662436752335e-05
906,4.0,15480,1.0,43,56,English,9,5,2,4,4,0,0,2,0,8.432374158584737e-06
907,3.0,241080,1.0,262,30,English,8,5,2,4,2,0,0,2,0,0.00013132278825268788
908,3.0,497760,1.0,366,44,English,9,5,2,4,2,0,0,2,0,0.0002711433179054999
909,3.0,428160,1.0,335,44,English,9,5,2,4,2,0,0,1,0,0.0002332303178126383
910,3.0,309720,1.0,248,24,English,6,5,1,4,2,2,0,1,-999,0.00016871285041323414
911,3.0,473520,1.0,316,41,English,8,5,1,4,0,2,0,1,0,0.0002579391351145378
912,,0,2.0,0,41,English,8,5,1,4,0,0,0,2,0,0.0
913,2.0,2861520,1.0,816,60,English,7,5,5,4,0,0,0,2,0,0.0015587472417489274
914,3.0,350400,1.0,318,60,English ,7,5,5,3,0,0,0,2,0,0.00019087234529509636
915,3.0,225480,1.0,263,44,English ,10,5,2,4,0,1,0,2,0,0.00012282504685256373
916,3.0,750240,1.0,497,69,English,10,5,2,4,3,1,0,1,0,0.00040867599410443234
917,4.0,28080,1.0,67,69,English,8,5,2,3,3,0,0,2,-999,1.5295934520223475e-05
918,2.0,1859400,1.0,772,31,english,8,5,2,3,0,0,0,2,-999,0.0010128654076532596
919,,0,6.0,0,22,english,4,5,1,3,0,0,0,2,1,0.0
920,3.0,426960,1.0,248,25,English ,6,5,1,3,0,0,0,2,1,0.00023257664539724413
921,,0,2.0,0,25,English ,6,5,1,3,0,0,0,2,1,0.0
922,2.0,1077720,1.0,320,48,English,10,5,2,3,0,0,0,2,1,0.0005870631962655001
923,2.0,1776240,1.0,618,48,english,10,5,2,3,0,0,0,2,0,0.000967565909266444
924,1.0,10035720,1.0,821,46,english,6,5,2,4,2,0,0,2,-999,0.005466727777182947
925,3.0,107520,1.0,93,26,Pashto,4,5,1,4,2,0,0,2,-999,5.856904841931724e-05
926,3.0,273720,1.0,300,22,English ,4,5,1,3,2,0,1,2,0,0.00014910267795140917
927,3.0,784800,1.0,541,25,English ,5,5,1,4,2,0,1,2,0,0.00042750175966778435
928,2.0,3275760,1.0,855,25,English ,5,5,1,4,2,0,0,2,0,0.0017843949595429934
929,2.0,2777760,1.0,795,25,English ,9,5,1,3,2,0,0,2,0,0.0015131209071544147
930,2.0,1856640,1.0,668,58,English,9,5,1,3,2,1,0,1,0,0.0010113619610978531
931,4.0,103680,1.0,184,58,English,7,5,2,3,2,1,0,1,-999,5.6477296690055914e-05
932,,0,2.0,0,30,English,7,5,2,4,2,0,0,2,-999,0.0
933,3.0,297360,1.0,221,25,English,6,5,1,4,0,0,0,2,-999,0.00016198002453467425
934,2.0,5787360,1.0,1098,39,Spanish,5,7,2,3,1,0,1,2,-999,0.003152531324962982
935,2.0,2908560,1.0,674,56,Spanish,5,7,2,3,1,0,1,2,-999,0.0015843712004323786
936,2.0,1099560,1.0,360,56,English,6,5,1,3,0,1,1,1,-999,0.000598960034225674
937,3.0,486720,1.0,350,34,English,10,5,2,3,0,1,1,1,0,0.0002651295316838736
938,,0,2.0,0,61,English,10,5,3,4,0,0,0,1,0,0.0
939,,0,5.0,0,61,English,9,5,3,4,0,0,0,2,0,0.0
940,3.0,261480,1.0,253,44,English,7,5,2,3,1,0,0,2,0,0.0001424352193143887
941,3.0,760800,1.0,493,46,English,8,5,2,3,4,0,0,2,0,0.000414428311359901
942,3.0,184200,1.0,214,46,English,8,5,2,3,4,1,0,2,0,0.00010033871576300442
943,,0,3.0,0,23,English,6,5,1,3,0,1,0,2,0,0.0
944,2.0,3989760,1.0,1011,23,Spanish,6,6,1,3,2,0,1,2,0,0.002173330046702522
945,2.0,1375680,1.0,494,41,Spanish,8,6,4,3,2,0,1,2,0,0.0007493700570078715
946,2.0,1512360,1.0,571,41,English,8,6,4,3,0,0,1,2,0,0.000823823345121267
947,3.0,671400,1.0,511,36,English,7,6,2,4,2,0,1,2,0,0.0003657297164130357
948,3.0,297360,1.0,221,65,English,9,5,2,4,2,0,0,2,0,0.00016198002453467425
949,3.0,270480,1.0,267,65,English,9,5,2,4,2,0,0,2,0,0.00014733776242984494
950,,0,2.0,0,34,English,10,5,2,4,2,0,0,2,0,0.0
951,4.0,42240,1.0,78,34,English,10,5,2,4,0,0,0,2,0,2.300926902187463e-05
952,,0,2.0,0,26,English,5,5,1,4,0,0,0,2,1,0.0
953,2.0,2321280,1.0,633,53,English,10,5,2,4,0,0,0,2,1,0.001264463920338474
954,4.0,63240,1.0,116,53,English,10,5,2,4,0,0,0,2,0,3.444853629127253e-05
955,2.0,4249200,1.0,890,59,english,6,5,1,3,0,0,0,2,-999,0.0023146540229107408
956,4.0,36480,1.0,81,59,english,10,5,2,4,0,0,0,1,0,1.9871641427982635e-05
957,2.0,4483080,1.0,880,80,english,10,5,2,4,1,0,0,1,0,0.0024420547766710633
958,4.0,76800,1.0,148,80,english,10,5,2,3,1,0,0,2,0,4.1835034585226605e-05
959,3.0,551160,1.0,358,28,English,10,5,1,4,2,0,0,2,0,0.0003002317403905403
960,2.0,2064960,1.0,567,40,English,10,5,1,4,2,0,0,2,0,0.0011248394924102802
961,4.0,44760,1.0,89,40,English,8,5,2,4,1,0,0,2,0,2.438198109420238e-05
962,2.0,2985600,1.0,751,61,English,8,5,2,4,3,0,0,2,0,0.001626336969500684
963,3.0,115560,1.0,125,61,English,8,5,2,3,3,0,0,2,1,6.294865360245815e-05
964,3.0,1539000,1.0,737,21,English ,10,5,1,3,2,0,0,2,1,0.0008383348727430174
965,2.0,2305080,1.0,671,62,English ,10,5,2,2,2,0,0,2,1,0.0012556393427306527
966,2.0,3116160,1.0,781,62,English,10,5,2,4,0,0,-999,2,0,0.0016974565282955694
967,3.0,360120,1.0,225,39,English,10,5,2,4,0,0,0,2,0,0.0001961670918597891
968,3.0,559320,1.0,365,28,English,8,5,2,3,2,2,0,2,0,0.0003046767128152206
969,3.0,736320,1.0,488,29,english,6,5,1,3,2,2,0,2,1,0.00040109339408586
970,5.0,2520,1.0,16,29,english,6,5,1,4,0,0,0,1,1,1.372712072327748e-06
971,2.0,1272120,1.0,522,29,English,6,5,1,4,2,0,0,2,0,0.000692958127559355
972,2.0,1260240,1.0,555,45,English,9,6,2,4,4,0,0,2,0,0.0006864867706469528
973,2.0,1351560,1.0,466,60,English,9,6,2,4,4,0,0,2,0,0.0007362312414584488
974,2.0,1841280,1.0,692,60,english,10,5,2,4,2,0,0,2,0,0.0010029949541808078
975,3.0,137160,1.0,142,67,english,10,5,2,4,2,0,0,2,0,7.471475707955313e-05
976,2.0,3957720,1.0,606,80,English,10,5,5,4,3,0,0,1,0,0.0021558769932114976
977,3.0,237000,1.0,227,80,English,8,5,5,4,3,2,0,2,0,0.00012910030204034772
978,3.0,330960,1.0,283,32,English,7,5,1,4,2,2,0,2,0,0.0001802828521657109
979,2.0,2015760,1.0,487,71,English,9,5,2,3,3,0,0,2,0,0.0010980389233791194
980,4.0,15240,1.0,41,71,English,9,5,2,3,3,0,0,2,0,8.301639675505904e-06
981,2.0,982800,1.0,256,35,English,8,5,2,4,0,0,0,2,1,0.0005353577082078217
982,3.0,677640,1.0,477,35,English,8,5,2,4,0,0,0,2,1,0.0003691288129730853
983,2.0,5830560,1.0,1173,30,Spanish,8,2,2,4,2,2,1,2,0,0.003176063531917172
984,4.0,17040,1.0,51,26,Spanish,6,5,1,4,2,2,1,2,-999,9.282148298597152e-06
985,3.0,232320,1.0,208,51,English,10,5,2,4,2,1,0,2,0,0.00012655097962031048
986,2.0,5161800,1.0,931,51,French,10,5,2,4,1,1,0,2,0,0.0028117718948180033
987,3.0,223560,1.0,196,45,French,3,4,1,4,2,0,0,2,0,0.00012177917098793306
988,2.0,3512760,1.0,943,39,English,1,5,3,1,4,0,0,2,0,0.001913495261583341
989,3.0,538800,1.0,331,67,English,8,5,3,4,4,0,0,2,0,0.00029349891451198036
990,3.0,290160,1.0,299,67,english,8,5,2,4,3,0,0,2,0,0.00015805799004230925
991,5.0,5280,1.0,24,35,english,8,5,1,4,0,0,0,2,0,2.876158627734329e-06
992,3.0,332040,1.0,292,35,English,8,5,1,4,0,0,1,2,0,0.00018087115733956562
993,2.0,1829760,1.0,765,39,English,5,4,3,3,4,0,1,2,-999,0.0009967196989930237
994,3.0,107520,1.0,93,57,English,8,5,3,4,4,0,0,2,0,5.856904841931724e-05
995,2.0,3335040,1.0,575,57,English,8,5,6,4,0,0,0,2,0,0.0018166863768634652
996,2.0,1095960,1.0,371,28,English,5,5,6,3,0,0,0,2,0,0.0005969990169794915
997,3.0,158160,1.0,180,33,English,7,5,2,3,4,0,0,2,0,8.615402434895103e-05
998,3.0,150720,1.0,174,33,English,7,5,2,4,4,0,0,2,0,8.21012553735072e-05
999,2.0,1126680,1.0,377,36,English,7,5,1,4,0,0,0,2,0,0.0006137330308135821
1000,2.0,2271600,1.0,732,36,English,7,6,1,4,0,2,0,2,0,0.0012374018823411556
1001,3.0,576120,1.0,409,35,english,7,6,1,4,0,2,0,2,-999,0.0003138281266307389
1002,3.0,256560,1.0,279,35,english,10,5,1,4,2,0,0,2,-999,0.00013975516241127261
1003,5.0,4080,1.0,19,28,English,10,5,1,3,2,0,0,2,-999,2.222486212340163e-06
1004,5.0,1440,1.0,7,30,English,9,5,2,4,0,0,0,2,-999,7.844068984729988e-07
1005,3.0,372600,1.0,253,30,English,9,5,2,4,0,0,0,2,0,0.00020296528497988842
1006,2.0,1327200,1.0,462,75,English,9,5,2,4,3,0,0,2,0,0.0007229616914259473
1007,2.0,6130680,1.0,1130,75,English ,8,2,2,4,3,0,1,1,1,0.003339547003007253
1008,2.0,1392960,1.0,537,53,English ,6,5,3,3,0,0,1,1,1,0.0007587829397895475
1009,2.0,1201920,1.0,491,56,English,8,5,3,3,0,2,1,1,0,0.0006547182912587964
1010,3.0,214800,1.0,184,56,English,8,5,2,4,0,2,0,1,0,0.00011700736235555565
1011,4.0,21000,1.0,64,33,English,7,5,1,4,1,1,0,2,-999,1.14392672693979e-05
1012,3.0,235080,1.0,221,30,English,7,5,2,3,4,0,0,2,0,0.00012805442617571706
1013,3.0,110040,1.0,104,30,English,7,5,2,3,4,0,0,2,0,5.994176049164499e-05
1014,3.0,362040,1.0,236,29,english,7,5,1,4,0,0,0,2,0,0.00019721296772441977
1015,3.0,529200,1.0,399,29,english,7,5,1,4,0,0,0,2,0,0.000288269535188827
1016,4.0,57120,1.0,116,28,English ,6,5,1,4,0,2,1,2,0,3.111480697276228e-05
1017,4.0,85200,1.0,157,28,English,4,5,1,4,0,2,1,1,-999,4.6410741492985764e-05
1018,2.0,2372640,1.0,695,56,English,9,6,3,4,0,0,0,2,1,0.0012924410997173443
1019,4.0,23760,1.0,51,56,English,9,6,3,4,0,0,0,2,1,1.294271382480448e-05
1020,3.0,631200,1.0,384,48,English,9,5,3,4,0,0,0,2,-999,0.00034383169049733114
1021,3.0,916680,1.0,495,58,English,9,5,3,4,0,1,0,2,0,0.0004993403581196031
1022,3.0,1334400,1.0,680,58,Spanish,7,5,2,4,0,1,1,2,0,0.0007268837259183122
1023,2.0,3393720,1.0,821,54,Spanish,10,7,2,4,0,1,1,2,0,0.0018486509579762399
1024,2.0,1229040,1.0,468,54,English,10,7,2,4,0,0,1,2,0,0.0006694912878467044
1025,3.0,360120,1.0,225,40,English,8,5,2,4,1,0,0,2,0,0.0001961670918597891
1026,3.0,393480,1.0,290,40,English,8,5,2,4,1,0,0,2,0,0.0002143391850077469
1027,2.0,5437680,1.0,1002,36,English ,7,4,1,3,4,0,0,2,0,0.0029620511831171224
1028,2.0,2113560,1.0,605,33,English ,2,5,2,4,4,2,0,2,0,0.001151313225233744
1029,3.0,648360,1.0,548,33,english,8,5,2,4,1,2,0,2,-999,0.0003531792060374677
1030,3.0,587400,1.0,385,43,english,9,5,2,4,0,1,0,1,0,0.0003199726473354441
1031,2.0,1359600,1.0,498,43,English,9,5,2,4,0,1,0,2,1,0.0007406108466415897
1032,2.0,1077720,1.0,320,47,English,9,5,1,4,1,0,0,2,1,0.0005870631962655001
1033,3.0,132840,1.0,147,47,English,6,5,1,4,1,0,1,2,0,7.236153638413414e-05
1034,2.0,1649520,1.0,661,27,English,9,5,1,3,0,2,1,2,0,0.0008985381022008201
1035,3.0,428400,1.0,337,31,English,9,4,1,4,1,2,0,2,0,0.00023336105229571715
1036,1.0,12600360,1.0,1103,83,English,7,5,4,4,1,0,0,2,0,0.006863756463363358
1037,3.0,683760,1.0,477,83,English,7,5,4,4,2,0,0,2,0,0.0003724625422915956
1038,2.0,2956320,1.0,726,53,english,7,4,1,4,2,0,0,2,0,0.0016103873625650665
1039,2.0,3562440,1.0,945,62,english,7,5,4,4,3,0,0,2,0,0.0019405572995806596
1040,3.0,717960,1.0,502,62,english,7,5,4,4,3,0,0,2,0,0.00039109220613032933
1041,3.0,465960,1.0,391,60,english,9,5,3,4,3,0,0,2,0,0.0002538209988975545
1042,2.0,1028160,1.0,345,44,English,9,5,4,4,0,0,0,2,0,0.0005600665255097211
1043,3.0,162240,1.0,194,55,English,8,5,4,4,0,0,0,2,0,8.83765105612912e-05
1044,2.0,3171360,1.0,722,55,English,9,5,2,4,0,0,0,2,0,0.001727525459403701
1045,2.0,3955080,1.0,890,59,English ,9,5,2,4,0,0,0,2,0,0.0021544389138976306
1046,3.0,708960,1.0,565,59,english,8,4,2,4,0,0,0,2,0,0.0003861896630148731
1047,3.0,108240,1.0,99,31,english,8,5,2,3,0,0,0,2,-999,5.8961251868553744e-05
1048,3.0,128520,1.0,131,31,English,8,5,2,3,0,0,0,2,0,7.000831568871514e-05
1049,3.0,118680,1.0,115,27,English,8,5,2,3,0,0,0,2,0,6.464820188248299e-05
1050,2.0,983040,1.0,258,49,English,9,6,2,4,0,0,0,2,0,0.0005354884426909005
1051,2.0,1755600,1.0,665,49,English ,9,6,2,4,2,0,0,2,0,0.0009563227437216643
1052,3.0,450000,1.0,452,60,english,6,5,1,4,3,0,0,2,0,0.0002451271557728121
1053,1.0,10268760,1.0,840,64,english,6,5,2,4,3,0,0,2,0,0.005593670960252494
1054,3.0,881160,1.0,525,64,Englush,6,5,2,3,1,0,0,2,0,0.0004799916546239358
1055,2.0,1594680,1.0,646,43,English,8,4,1,1,2,0,0,2,1,0.0008686652728173067
1056,2.0,2237400,1.0,799,30,English,8,4,1,1,2,0,0,2,1,0.0012187722185024218
1057,3.0,107520,1.0,93,40,English,10,5,2,4,1,0,0,2,1,5.856904841931724e-05
1058,2.0,1295160,1.0,618,40,english,10,5,2,4,0,0,0,2,0,0.000705508637934923
1059,2.0,1281120,1.0,475,32,english,9,5,1,3,0,0,0,2,0,0.0006978606706748113
1060,2.0,2169480,1.0,873,35,English,4,5,2,3,1,3,0,2,0,0.001181774359791112
1061,2.0,3820680,1.0,808,75,English,7,5,3,4,1,3,0,2,0,0.002081227603373484
1062,3.0,297600,1.0,326,75,English,7,5,3,4,1,0,0,2,1,0.00016211075901775309
1063,2.0,2062200,1.0,575,32,English,7,4,1,4,4,0,0,2,1,0.0011233360458548737
1064,3.0,181440,1.0,248,33,English,7,4,2,4,4,0,0,2,0,9.883526920759785e-05
1065,3.0,203760,1.0,163,33,English,7,5,2,4,0,2,0,2,0,0.00011099357613392933
1066,,0,2.0,0,32,English,8,5,2,4,0,2,0,2,0,0.0
1067,3.0,641040,1.0,503,32,English,8,5,2,4,0,0,1,2,0,0.0003491918043035633
1068,3.0,366600,1.0,336,33,english,6,5,1,3,0,0,1,2,-999,0.0001996969229029176
1069,3.0,134640,1.0,157,40,english,10,5,1,4,0,0,0,2,0,7.334204500722538e-05
1070,2.0,3086520,1.0,906,51,english,10,5,3,4,4,0,0,2,0,0.0016813108196353334
1071,,0,2.0,0,51,english,9,5,3,4,4,0,0,2,0,0.0
1072,2.0,1705080,1.0,661,47,English,9,5,2,4,4,0,0,2,0,0.00092880313503357
1073,3.0,613560,1.0,441,57,English,7,5,2,3,4,0,1,1,0,0.0003342227059910369
1074,2.0,3328080,1.0,980,57,English,7,5,2,3,0,3,1,1,1,0.001812895076854179
1075,,0,2.0,0,36,English,10,5,2,4,0,3,0,1,1,0.0
1076,2.0,2861640,1.0,942,36,Spanish,10,6,2,4,4,0,1,2,0,0.001558812608990467
1077,2.0,6111960,1.0,1065,62,Spanish,10,6,2,4,4,0,1,2,0,0.003329349713327104
1078,3.0,328800,1.0,280,62,Portuguese,10,5,2,4,0,2,1,2,-999,0.0001791062418180014
1079,3.0,657480,1.0,420,32,English,9,5,2,3,1,2,1,2,0,0.00035814711639446336
1080,1.0,10865640,1.0,895,32,Swedish,9,5,2,4,1,1,0,2,0,0.005918807619669552
1081,3.0,237120,1.0,202,57,Swedish,9,5,2,4,0,1,0,1,0,0.00012916566928188714
1082,3.0,574200,1.0,403,57,English,10,5,2,4,0,0,0,2,0,0.00031278225076610824
1083,5.0,1440,1.0,7,35,English,10,5,2,4,0,0,0,2,0,7.844068984729988e-07
1084,5.0,1560,1.0,8,35,English,8,5,2,4,0,0,0,2,0,8.497741400124154e-07
1085,2.0,1775640,1.0,762,36,English,5,5,1,4,4,2,0,2,-999,0.0009672390730587469
1086,2.0,4859280,1.0,805,79,English,4,5,2,3,4,2,0,2,0,0.0026469810788971346
1087,3.0,347760,1.0,306,79,English,5,5,2,3,3,0,0,2,0,0.0001894342659812292
1088,2.0,3243480,1.0,820,38,English,5,5,6,4,4,0,0,2,0,0.0017668111715688902
1089,,0,,0,38,English,4,5,6,4,4,0,0,2,0,0.0
